t,RWM_x1,RWM_x2,CVM_x1,CVM_x2,CAM_x1,CAM_x2
0,1.0101456265026272,1.0326122882624607,1.0112275483891657,1.0328560122425652,1.0113484781597804,1.0328832540290318
1,1.0848926689875982,1.1803426433948851,1.1132555950266854,1.2138654942634282,1.1142936296411954,1.2150171232420532
2,1.1051443946619819,1.2226761558949877,1.1536737643708102,1.301993214960535,1.1617678390505197,1.2636918220596716
3,1.1110883584054811,1.2209735788981344,1.1676537923694075,1.300375822467037,1.1838690097725664,1.2902763535508448
4,1.1670394326460094,1.2387716946046041,1.2165423601349814,1.3060452303479153,1.2338378846760876,1.3057005264409751
5,1.203143849119151,1.2623649912809762,1.2425400126672645,1.3292603063616835,1.2596775197924346,1.3303239438508678
6,1.210753724984073,1.2520653370202457,1.235690294269189,1.3166962860799218,1.2557485456678932,1.3260544775276932
7,1.1951800116575901,1.2273306619581723,1.2228042596969095,1.2919772510718803,1.2428628111486562,1.3044270480275748
8,1.2068498044008167,1.2206447839101735,1.2348594956426648,1.2749904863804102,1.2571965755970973,1.2859617294777714
9,1.204885365879328,1.2219791127565212,1.239018059775021,1.2786584764722715,1.263737900267447,1.2882469508858185
10,1.199755490218587,1.2336660793324048,1.236132598694003,1.2940642861036153,1.258846110479857,1.3073012207702073
11,1.1958524301287337,1.2273795608701463,1.2314823224581035,1.2879452155353466,1.2531033651818833,1.2995797090680816
12,1.2030419545065913,1.221439199093671,1.2370189516601113,1.2837466438393843,1.2593536683347182,1.2966609104683713
13,1.2046274197030928,1.2153891874716982,1.2405590105574844,1.2744423055293348,1.2630686695644417,1.2902486825467583
14,1.2038077079392329,1.2177793818049287,1.2353195560033392,1.27448410796006,1.2551377059377482,1.2902180611407743
15,1.2066467966551613,1.208991267188301,1.2409767995724463,1.2642421417328926,1.2613787794968456,1.2813228436203195
16,1.211187052742579,1.2102231547846385,1.2416742875208069,1.2649319371542693,1.2642095711395758,1.2843159109558513
17,1.2159148648102334,1.2056984433043234,1.249127096925514,1.2618661111965885,1.2736010087721232,1.281005595093175
18,1.214141942453859,1.203769373059017,1.249519270255899,1.2602554396198355,1.2741309165447385,1.2791129272742665
19,1.226003558269137,1.1990665089420698,1.2623924385468699,1.253639484617398,1.2861029243605588,1.2729646272339705
20,1.2262704454629985,1.2003163606677842,1.2635527469408305,1.2561670367496285,1.2861403750017033,1.2772239589875272
21,1.2281466317551817,1.2045640436513907,1.2682097621449135,1.2595630779031937,1.2911267360644247,1.281941049555427
22,1.2224627502515983,1.2034746192453616,1.2642135688161793,1.2590125066511622,1.2889782492099227,1.2821193035051937
23,1.222536412015656,1.2063638307445468,1.2622632679634902,1.261954956031974,1.2866032051519942,1.2833580222417516
24,1.22325896179092,1.2019146149434534,1.262259344329946,1.25745552530275,1.287072239976191,1.2798014967649873
25,1.2210059371557809,1.2028451237053372,1.2608975097992658,1.2570613466300238,1.2861100949211148,1.280093244657267
26,1.2248778372870477,1.2037693994049279,1.2651820095370752,1.256543910783822,1.2902405920673514,1.2783674174276913
27,1.2257023451157698,1.2024860589992128,1.2670979310272177,1.2549916831637864,1.2934647600647045,1.276777802033929
28,1.2251996889749104,1.199852896713182,1.2684150159121141,1.2534614891056284,1.2946321547845614,1.2746070317850426
29,1.2228007618752326,1.1995509083034483,1.2657990192026127,1.2538312120320798,1.2934419511266748,1.2756135618424203
30,1.2164917424302464,1.1963735475398725,1.2608766154639104,1.251624371736077,1.2890416878872768,1.2737166482824707
31,1.2171084144141697,1.1962114169468183,1.2620143632532106,1.2505438354478535,1.2909786696035952,1.2722033892022921
32,1.2178254624203146,1.1980777397327105,1.2621380745513935,1.2497798926458892,1.2904475249439948,1.2721663540825106
33,1.2194030957391389,1.200518097314086,1.2640680365700283,1.2518714618965598,1.2919921784140405,1.2757689573323752
34,1.2205598294057338,1.2042561386152097,1.2647585002567505,1.2561461388853439,1.2910305470763133,1.2799183921874122
35,1.2222772642563478,1.2088542084022829,1.2653561158103925,1.2591179180943286,1.2917379509091007,1.2832995637581865
36,1.224131565491425,1.2086972761456267,1.2670954834422314,1.2570916210376963,1.2929998840021952,1.2811317561092384
37,1.2236293015339113,1.2084634893910997,1.2658306942021382,1.2561684635681674,1.2918234017760355,1.2816589230047044
38,1.2252797567439968,1.2087367345969806,1.2667816637885942,1.2567849971958078,1.2935514895689195,1.2828010280800997
39,1.2283219133181615,1.2083812613251206,1.2692350281800164,1.2570750949729328,1.2961448947937004,1.283074034432845
40,1.228450442470771,1.2062037933664984,1.2715923392496213,1.2551116865889054,1.2992261176144029,1.2808366312951094
41,1.227575406318473,1.206581444015858,1.2709479554604988,1.2552399239157446,1.2985973900457264,1.2808430764146785
42,1.2251021179361394,1.2070724765432157,1.2681791568968073,1.2546055826730913,1.2960984768304218,1.2796363062229479
43,1.2268454898413166,1.208426846632297,1.2682184058318224,1.2564427961251163,1.2957790166996401,1.2816074963569606
44,1.229133136980167,1.2092504422600503,1.2703054194733392,1.257037592548101,1.2985068542235356,1.2823707856363529
45,1.2275043086929331,1.209772934552921,1.2691688030763841,1.2576444963893636,1.2979554098861643,1.2833547061159882
46,1.2275119749696095,1.2106395445603244,1.2697352271304265,1.260179673372349,1.2987311791999376,1.2864584786677282
47,1.2272945553108523,1.2137586303887777,1.2694991550354886,1.2631742876308691,1.2989888699576722,1.288087964032018
48,1.2258717657787583,1.2165942948052497,1.2673122621086268,1.2653630468063637,1.2973783356500375,1.2921451898550784
49,1.2268733913631669,1.2139363123761326,1.2684663109044518,1.2634184303391265,1.298097639634056,1.2897670623894053
50,1.2257526987239737,1.2114126702589412,1.2670104441296353,1.261606467485781,1.2965352837021193,1.2885482018333945
51,1.2251364636468065,1.208547098106034,1.2673514226387932,1.259325373437866,1.2967526851935491,1.2859587474687897
52,1.2255413830534034,1.2080583064349917,1.2687851331074316,1.2586671307640878,1.297925715540602,1.2852679072321758
53,1.2246454773311939,1.208690168604946,1.2677142128990562,1.2588744407542294,1.2969139533387817,1.2853036004054021
54,1.2224996389837857,1.2083826063790843,1.2658685981376963,1.2575205164521543,1.2960655869152493,1.2837683662448804
55,1.224062559793302,1.2090430125648017,1.2677296865057186,1.2589504722854408,1.2983948474578917,1.2856177721211497
56,1.22587679944597,1.2079279887766416,1.2692285690697873,1.2575651046252048,1.3000226833782988,1.2834295635396729
57,1.22515344684706,1.2067719541238382,1.2672614012703127,1.2562901870659453,1.297643316106738,1.2827055757580816
58,1.2231274409690003,1.2086580940096903,1.2656599742284265,1.2570497175157573,1.2955461815719047,1.2835250206832294
59,1.2227821476244733,1.2120783352421132,1.265129755861046,1.2600725583597503,1.294917184329832,1.2868168662834862
60,1.2219163561215225,1.2094832295549331,1.2652685084603814,1.2574642126178017,1.2956001329026696,1.2843926324226498
61,1.222260835074877,1.2091096862557953,1.2654517888287857,1.2569873224225772,1.2956612299916521,1.2838609643288847
62,1.2237662163993244,1.2081145104937259,1.2668469835804015,1.2555077060153739,1.2975906095622236,1.282501559526028
63,1.2235443908949246,1.2107558230162316,1.2661469459279375,1.258158157723204,1.2969338641557102,1.285161400249536
64,1.2235905303468577,1.2103789704873218,1.2652537770320968,1.2578200566405213,1.2960279396632657,1.2842463251455747
65,1.225330564466113,1.2112916515293928,1.2662747231109621,1.258413329817542,1.2967958485090583,1.2849874367342853
66,1.224927259938809,1.211137359238712,1.2663819624589814,1.2580224599493641,1.2967438292012556,1.2839078176171668
67,1.2268801041048771,1.211859267579185,1.2680090955239565,1.2588538214998173,1.2981925245872679,1.2845735037865356
68,1.2268874000796461,1.212789998790167,1.2684305500549835,1.2594250605298685,1.2986588547384827,1.2856242437936993
69,1.2258097913247985,1.2133266065776107,1.2679971207569853,1.2595531633049897,1.2983972330815734,1.2860311996699028
70,1.2249625595186957,1.211244321875677,1.267842622699953,1.25787887716112,1.2988526786008086,1.2847853736733401
71,1.2248809353279464,1.2108746185913277,1.267862360508013,1.2580016813676935,1.298808274891649,1.2847250310837373
72,1.2256712741976528,1.2091475456471317,1.26781940883104,1.2560441296101772,1.29857386977629,1.2826978740890504
73,1.2269380484657912,1.2071408302170104,1.2689861308012897,1.254313226780611,1.2998596565839953,1.2811872816963916
74,1.2275278219841987,1.2060766245500587,1.2700344116712297,1.2538587053382393,1.3007595876553018,1.2810430821958159
75,1.2269463584854983,1.2042396113752427,1.2693376069586717,1.2525980820202678,1.299483255333493,1.2796801767779618
76,1.228766796883132,1.2040017354185446,1.27047635252191,1.252291226812248,1.3003113596142528,1.2791168042350463
77,1.2299450298451433,1.2028355343229449,1.2717307721772138,1.2513103566744284,1.3013698029044882,1.2781771018969057
78,1.2298209861827751,1.2023479963862154,1.2715835229577812,1.2511979444032106,1.3014358352123787,1.2779887730158348
79,1.2288531405740706,1.2033026929580766,1.2704126650974303,1.2519557300245807,1.3007624789533685,1.2786370249289702
80,1.2282827717119582,1.2041313293160554,1.2702633915885917,1.2527364780009962,1.3000293241008598,1.2798497471077268
81,1.2284241958310753,1.2049493592897587,1.2697452236593845,1.2543657643505688,1.2997087688848887,1.2813717793768435
82,1.2266455620021746,1.204853841576749,1.2685742896569285,1.2547489443997526,1.2988747032232144,1.2817378844694902
83,1.2258901364508024,1.2042972018088938,1.2676831519351177,1.2543554914815376,1.2978827487657605,1.2811181721576452
84,1.2243312470920775,1.2039874304272908,1.2662503826584384,1.2538390723724366,1.2969715632494976,1.2804191271652159
85,1.225169665099221,1.2040800385152137,1.2682428732328166,1.2539518777168301,1.2988372149022223,1.280468542565513
86,1.2253927774826114,1.2044153283021286,1.2682551100239994,1.2543090307586369,1.2985032628465638,1.2808075204238636
87,1.2242661186804822,1.2043072496205165,1.267158840690627,1.2538410763948717,1.2976903831421336,1.2802852294974023
88,1.22462782424515,1.2065026689562308,1.267645211771668,1.2568412698747429,1.298185704477384,1.2834513811283588
89,1.2253735061445554,1.2068625585313901,1.268131197207677,1.257558576264291,1.2982290410666453,1.284300099647273
90,1.2254532610124886,1.207376492891712,1.267641014751696,1.2577461186653125,1.297543085376243,1.2846902043367343
91,1.22651084605183,1.2066432032183034,1.2692569783891983,1.2575817044791002,1.2993599442376702,1.284683804098131
92,1.2266086604324598,1.2070847087719292,1.269223318870395,1.2577652367833567,1.2994815264264667,1.2848669717381735
93,1.2262489522914124,1.2067451838038323,1.2682760006440577,1.257846065483118,1.2982436277926295,1.2850836570266246
94,1.2251721258703643,1.206066426233142,1.2671854260819604,1.2569029879607576,1.2971317117271406,1.283982062971833
95,1.2258535766802285,1.2059339644774623,1.2688066216349136,1.2567939468737652,1.298535002363221,1.2841479735365346
96,1.2268889173211734,1.2071402222638192,1.2702229330064014,1.2569638478558816,1.2996546480278643,1.2838040672743656
97,1.2267928104862156,1.2060296113040452,1.27084315060736,1.2561017104443184,1.300288480860298,1.2831644020380646
98,1.2277412218898556,1.2063841671149478,1.271310538417947,1.2564105461195962,1.300543248761844,1.2833234746020556
99,1.2272016904783267,1.2069021925413754,1.2710125958115799,1.2569331292774586,1.3003507623577242,1.2838648679905287
100,1.2265646306067712,1.2067735611166521,1.2703232564668538,1.2570208950495287,1.299683380956097,1.2839455590998379
101,1.2263691204118121,1.2063195812834333,1.270025686486363,1.2564853804981553,1.2993098030038766,1.2834620507310652
102,1.2279183939280727,1.2060090315358922,1.2716801488567322,1.2557871583733324,1.301080703568735,1.2824935577609653
103,1.2265718738625677,1.205075015084292,1.269916063801815,1.2548400678058502,1.2992974709341747,1.2813172150365453
104,1.2258953807391073,1.2045233026471898,1.2690299811757544,1.254160478964201,1.298422080570659,1.2806344872770028
105,1.22700033031236,1.2046004107195407,1.2697344826309651,1.254132408372883,1.2988579491211594,1.280772634160314
106,1.2271695586831612,1.2042351205646096,1.2697411030120578,1.2539571434323102,1.2989251828936559,1.2805990455848542
107,1.2277479694937439,1.2035270868292014,1.2703816998083972,1.2535943942454568,1.2992662574990002,1.2797721696964124
108,1.2278909706673158,1.2027044898802837,1.2711966985930334,1.2522067089496582,1.3000537773046985,1.2786871172927103
109,1.2276395509817726,1.2031643717987435,1.270419575918818,1.2521506393433455,1.298956325945522,1.2786313122799233
110,1.2268094181118285,1.2026039557489963,1.2694747894125091,1.2508855390061768,1.2982436111734992,1.2774221067047393
111,1.2266175021231667,1.2033235867055365,1.269430365500017,1.2517289500706021,1.2982236000348004,1.2782343317396947
112,1.225803781908429,1.203775524199138,1.2683844782455596,1.2519091190457798,1.2973042165251973,1.2782927757904294
113,1.2259644688818723,1.202800020811377,1.26831377402442,1.250884195557331,1.2974251484642985,1.277364099122091
114,1.2262308562716164,1.2034196755354205,1.2680734139929069,1.2514598274089264,1.2971267282557397,1.2776345257389534
115,1.224722701582456,1.2027994232499553,1.2665971880653764,1.2511694141200695,1.2954768833621693,1.2773341944807912
116,1.2244869412025263,1.20293638850218,1.2665367156195395,1.2514771745618776,1.2954061378837238,1.2777606403102568
117,1.2233371169352514,1.202972039327436,1.2654866435989613,1.2514510915533008,1.2943901069106496,1.2779070137942043
118,1.2231817459728263,1.201892911314234,1.2652325150102788,1.25043964808586,1.2943867567538327,1.2770142716176764
119,1.2243658547948133,1.2025064080430645,1.2661078268755221,1.251278125151691,1.294952584293753,1.2777409673571507
120,1.2235193583413595,1.202963361359152,1.2649034329674806,1.2516570160586595,1.2936925613597847,1.2781917195113444
121,1.2222973373698012,1.202335811764696,1.263618589225867,1.2509625572604164,1.292452773081959,1.277458356853174
122,1.2227615532401463,1.2016569585319448,1.2642735941641232,1.2500251165165157,1.2929934708191768,1.276300277579374
123,1.2230368084316816,1.200971873015167,1.264807818236275,1.2494854712183385,1.2933921820204386,1.275944429063174
124,1.222333171839598,1.1999549955338018,1.264087792134756,1.2486624239934707,1.2928195136027663,1.2748850532822351
125,1.2223935404277526,1.199396395191411,1.263802124577863,1.2479427964867662,1.2925282903051352,1.2744193581952754
126,1.22261365225199,1.2007019274647477,1.2638775117739596,1.2495677610343734,1.2925954785409766,1.2761293027845861
127,1.2230322936026454,1.200598747773071,1.2649847472245568,1.2495073976758497,1.2938979512501532,1.275986539197145
128,1.2240735823839666,1.2000765001275608,1.2660514760492492,1.2492445806641161,1.2948472914465001,1.2759750519223285
129,1.2247879307074707,1.2008077444974685,1.2670353314550553,1.2498181465126772,1.2957268915429965,1.2764352012639615
130,1.2243820050697063,1.2013507877379228,1.2665131962292786,1.2501789227361098,1.2951106453783412,1.2767790660485436
131,1.2237224415435355,1.2026387243378291,1.265893734282651,1.2517040456601403,1.2946441294980442,1.2783583606904703
132,1.2225645969315837,1.2020757575244234,1.2653238428766622,1.2511587301237475,1.2940880438962443,1.27772174729878
133,1.2243062696295104,1.2030332560208363,1.2671839241212048,1.2518451674854338,1.29577219881557,1.2783498511398577
134,1.2245642618092165,1.2035599069155014,1.2673453833354846,1.2526818956870818,1.2959123157733137,1.2790458069759791
135,1.224815561407521,1.2032211045478574,1.2679058175132518,1.252620778682847,1.2968564753832736,1.2789301550428478
136,1.2252789798910089,1.2035219741110497,1.2687688368771501,1.2529873121203117,1.2977427731347566,1.2794662035946658
137,1.2260001048653486,1.2033956808710227,1.2694628912923414,1.2531624892775195,1.2984835923204354,1.279351028169626
138,1.225842163768708,1.2027863716756564,1.2691568759717098,1.252833481765946,1.2979082975792502,1.2791400578174714
139,1.2252032379032536,1.2030425200853068,1.2683561902864116,1.252683682454482,1.2968771233080836,1.2789568368083393
140,1.2246361387283786,1.2030029171682992,1.2675849453371937,1.2526261310841291,1.2960649025885267,1.2787696063467937
141,1.224290398584868,1.2029643434130428,1.2671624068057348,1.2523732213066756,1.2955661898564474,1.278688643824347
142,1.2249453335093603,1.2025871146167384,1.2682117963644577,1.2522030399363626,1.296728890472978,1.2785771401069512
143,1.2243949256503328,1.2015469538737165,1.2679641320285844,1.2511361746382397,1.296475093208752,1.2773266504673242
144,1.2238296939326567,1.2016969621877318,1.2680749044986805,1.25123029278125,1.2966507062925872,1.2776468420078622
145,1.2243438281016494,1.2017514184981568,1.268702530822974,1.251210875653646,1.29728295798581,1.2776671644163513
146,1.2250459602677706,1.2013496110062771,1.2692944832945048,1.2511303853883746,1.2978718860974618,1.277739856196432
147,1.2245566960839733,1.2020334288064132,1.2686909608726424,1.2521397131578973,1.2970714612605156,1.2787851215955905
148,1.2249347215419863,1.2017824030368167,1.2688935380125086,1.2521586418018646,1.2970404068424939,1.2788237671812073
149,1.2246873381830063,1.2014973879226938,1.2686738248355878,1.2523759399593384,1.296617531017147,1.2792852154332375
150,1.2246068482667969,1.2015688509046965,1.2682847983796588,1.252438748948466,1.2961462786726634,1.279427037690461
151,1.2232863558185785,1.2012920316546691,1.2670662308031522,1.2524831093071749,1.2949598980345385,1.279797680248424
152,1.2232447697586681,1.201395904486731,1.266785932913464,1.2526735706229757,1.2945984324512563,1.2800795526876494
153,1.2229862881677123,1.2013620843145534,1.2664172345836833,1.2524392892279095,1.29426934241674,1.2797227620755722
154,1.223391160669829,1.20170089550302,1.2670041004035069,1.2532352382224605,1.294636692691932,1.2805556706759988
155,1.224440328970693,1.202291863217181,1.2677205252161807,1.2540820024150343,1.2951044131849796,1.281414921708153
156,1.2248508086849748,1.2015943739245012,1.2682047581576057,1.2532393615454338,1.2954949460334517,1.280595991081643
157,1.2247958643570076,1.2018254910155577,1.2680872040111213,1.253575706651671,1.2952426537478146,1.2810235117102757
158,1.2247966403101307,1.2016778222560105,1.2680929006850494,1.2538831680652125,1.2951864948424723,1.2815749042611442
159,1.2247956865698675,1.2016104590491692,1.268371929621807,1.2538109135765338,1.2957056401806781,1.28158716008792
160,1.2240426924604184,1.2016496500733793,1.2679061482074454,1.2537596233429837,1.2951410148299445,1.281547847079577
161,1.2238779674028801,1.2022427497195607,1.26777415424398,1.2542721973476667,1.2950201768026486,1.2820309924983204
162,1.2238793392931733,1.2024589622127169,1.2682304776753652,1.2545256429186373,1.2954671500781512,1.2822237391097426
163,1.2232302143675502,1.2022451319292928,1.2677266048167255,1.254187132275821,1.295045165321096,1.2819299641425232
164,1.2225855236444736,1.203578430331044,1.2669890174541172,1.2551165415908212,1.294327898416872,1.2827889682860527
165,1.2229735787474503,1.2026182249100887,1.267149826888693,1.2541172590406975,1.2944728378065669,1.2818311641010993
166,1.2236287244588482,1.2028673209123273,1.2681368751360542,1.2543688814509966,1.2955604136513545,1.2822266895108028
167,1.223040860696714,1.2034043313520133,1.267680061631281,1.2549967889342957,1.2952003469735789,1.282744394005034
168,1.223256580579606,1.2034388179315079,1.268027555960038,1.2549039495963465,1.295594637758017,1.2826622879343585
169,1.223850869065388,1.204067932009336,1.268376770887648,1.2556870259133317,1.2960811966693226,1.2834425413739254
170,1.2232248323835058,1.2049890316166847,1.2678300973967394,1.2566591263104636,1.2956002290915847,1.2842371232142316
171,1.2229210021688532,1.2050848996264782,1.2675276536387339,1.2564928926104961,1.2951855441346796,1.2839869685362704
172,1.2228235968835062,1.2046466446392663,1.2672051738705672,1.2561516711572198,1.2948678835746747,1.283619239292399
173,1.222503909051789,1.2043136178001692,1.2669644835106972,1.2556344295611768,1.2947186710962055,1.2831271587880488
174,1.2220808434545274,1.2041052762512816,1.266306848031423,1.2554027263473058,1.2942219564622202,1.282883939386494
175,1.2225432517952368,1.2044215727153427,1.2665634543718516,1.255865931705367,1.294529673455369,1.2832563136425887
176,1.222052211145304,1.2044081319826547,1.2664675292953675,1.2557502193168057,1.2945161955362459,1.283060189663201
177,1.2217607735557785,1.2042275305162558,1.2663160343158477,1.2555950056785636,1.2944104784362804,1.2829587225054015
178,1.2218907526957912,1.203749646224809,1.2665388489680771,1.2552080060847859,1.2945649906475958,1.2824924724748596
179,1.221927235180691,1.2031939706938024,1.2663477950498014,1.2546875120803807,1.294435745202371,1.2817839215237106
180,1.2228299200535144,1.204625510870081,1.267469609626469,1.2557583445514369,1.2954607441718133,1.2827274100394723
181,1.2233423310632237,1.2060019037411989,1.2679635782323495,1.2568142409861927,1.29579983039439,1.2837581988780564
182,1.2238652338858942,1.2063253233789681,1.2685428662934235,1.2570382632453874,1.2963355605044216,1.2838685673545769
183,1.224390802634449,1.20679393273933,1.2688974919854938,1.2571085171292768,1.2964842768681601,1.2838992741610924
184,1.2243642864347397,1.2064476777688953,1.2688674687659998,1.2564692616379787,1.2962110393055886,1.283189726126098
185,1.2240935565965858,1.2068918254803622,1.2683955771299749,1.256877348966215,1.2958070958158305,1.2834463208371023
186,1.223420247896713,1.2063196678991561,1.2677511788655038,1.2564156799838582,1.2952773129900326,1.2828839397341463
187,1.2225219512661742,1.2059122741457755,1.2667438188116455,1.2562158523292508,1.2943500394080818,1.2827569226760605
188,1.2228117361627364,1.205822637375358,1.2670334985335998,1.256292269286573,1.2946772578999495,1.2828462744948863
189,1.2230904395493718,1.2056907769125689,1.2673081902993648,1.2563611404751136,1.2947687027487662,1.283081895695336
190,1.2226153500588262,1.2061551066315406,1.2669273562491552,1.2568505198638618,1.2943723233019784,1.2835206755695958
191,1.2226119162376785,1.206896745668831,1.2668266465768785,1.2574206443133988,1.2942333653725258,1.2840109049501336
192,1.2223342967939066,1.2063666669134459,1.2667481800097808,1.2567697731228133,1.2941268364141707,1.2833631694066614
193,1.2215496529381813,1.2063779189889465,1.2660016178568354,1.2569715623941335,1.2933753383001778,1.2835940685250014
194,1.2216300956630686,1.206888554347153,1.2660349815628422,1.257870163410781,1.293279825168002,1.2844950958896522
195,1.2216537001483512,1.2062338194666136,1.2660397765853133,1.2571888827330053,1.2932636466492529,1.2837756975372807
196,1.2209326502568678,1.2063629168595187,1.2655786242817764,1.2572472145767568,1.292787645272261,1.283836795653962
197,1.2208071925296695,1.2066974021839623,1.265608132393636,1.2576976302908331,1.2927922635729951,1.2843798172864698
198,1.2201015504875696,1.2065870531263057,1.2648886117120706,1.25757444471104,1.2921412507005223,1.2843361000064613
199,1.2198764665972457,1.2058726526119437,1.2646801007759014,1.2569278731072897,1.2919778992553432,1.283642463779385
200,1.2193811146447509,1.2057417035238602,1.2640445531457725,1.257028916402101,1.2913881174573556,1.2838092615488095
201,1.2199913143850971,1.2056362332533619,1.2648098851266842,1.2571991058183132,1.2921190052724651,1.2838731090629592
202,1.2197109684963758,1.2061566095363079,1.2645397637971751,1.2577567792981355,1.2918566831720646,1.284448141516623
203,1.219897053741857,1.206175432060737,1.2647717998765222,1.2578101204904366,1.2920220270285865,1.2846299979330587
204,1.2196205472033086,1.2058037417665506,1.2646963572723093,1.2574745180871014,1.2919461673066976,1.2842373240600486
205,1.220204849068348,1.2059295269655657,1.2651362825398316,1.2575739792025857,1.292246748702276,1.2844159173012406
206,1.2201853940392469,1.2059145492996146,1.2653631113775112,1.257573571703973,1.292390766736713,1.284438365050579
207,1.2202549197182286,1.206482668579616,1.2655507717151893,1.2581814903677715,1.2925328890782668,1.284989116040394
208,1.2201148563054258,1.2062158956324034,1.2653600662491318,1.257996283000188,1.2923666162572456,1.284778212440541
209,1.2201919788681428,1.206232836315515,1.265399868504293,1.2578902231908018,1.2924339438905899,1.284669914364909
210,1.2199149399582365,1.2057617273806647,1.26519275893573,1.2572847779769716,1.292138390560815,1.2841232513103231
211,1.2198952760998607,1.2056500444652938,1.2651678531090302,1.25694015020878,1.2922995681361877,1.2837247291890679
212,1.2198028938574421,1.2051919103670736,1.26528086770146,1.2564071977402453,1.292469450882519,1.2833335165906687
213,1.2197351499316667,1.2048684768753888,1.2651653060909902,1.2559980477066073,1.2922833606931412,1.2828223455631846
214,1.2197001547420026,1.2043790436094706,1.264947649107765,1.2553415182227772,1.2919853460683546,1.2821680516089629
215,1.2200047348020828,1.2044916046982188,1.2652554589567553,1.2555668928914465,1.2923580448044971,1.2824417696861317
216,1.2205327900048513,1.2042241763865953,1.2658109667257031,1.255483963395756,1.2928899758051657,1.282241255276911
217,1.21999870566615,1.203832384285493,1.2654764682837165,1.2551650810274475,1.2925964128637653,1.2819459506070165
218,1.2201667669998024,1.2039590539509668,1.2658142374317687,1.2552477104466573,1.292955203615866,1.281864502240208
219,1.220074123367278,1.203784065926523,1.2658566049392197,1.254984062027127,1.2928861965878975,1.2817722880964695
220,1.2202758125699948,1.204542173165179,1.2659723963344698,1.2557932637358846,1.2930833823578514,1.282517821199312
221,1.2207218451882016,1.2050051445287264,1.2662631039780665,1.2565791248148204,1.2934492738024417,1.2830750848536323
222,1.2202350975939955,1.204912381321946,1.2657913032069,1.2565021935776457,1.2930390489998747,1.2830104748280016
223,1.2203281359668763,1.2049921676408757,1.266095619499482,1.2562904167682856,1.2933727010977083,1.2828214306715227
224,1.219634412278501,1.2051381116405349,1.2655809393160202,1.2563313130738991,1.2927484009293264,1.282932481066597
225,1.2190340025833502,1.2055638313041277,1.2648593767242933,1.2568745213509238,1.2919775805999405,1.2836434608608949
226,1.2185234234539934,1.2059167433412776,1.2644558498234206,1.2571714080880934,1.2914776879403487,1.2838560903970917
227,1.218372990759204,1.205959774592996,1.2643193565800592,1.2572119092823515,1.2914086170573682,1.2838785946702576
228,1.2189040085108434,1.2061406386917977,1.2646499101686222,1.2571612845706055,1.2916740424764925,1.2838839666119164
229,1.2187943699109247,1.206710337982028,1.2647159162682484,1.2579476230883937,1.2917754419898007,1.2847718172863045
230,1.218440310882956,1.207002531160588,1.2642665946879428,1.2583050130641642,1.2912286443645502,1.2851605542175109
231,1.218017693737194,1.2065877232705853,1.263783143436773,1.257956518124565,1.290842644233786,1.2846935068909167
232,1.2179482701487463,1.20728816064839,1.2639108463898783,1.2586041182141248,1.291126621351145,1.285228772473294
233,1.2181068232183991,1.2071901692138711,1.2639611947213965,1.2581991632914333,1.2911604558629668,1.2848403538856499
234,1.218366909877368,1.2067664754965635,1.2642853580163622,1.2579217806134888,1.2916075928165447,1.284547457247352
235,1.2181717603738047,1.2065443172644612,1.2644033906296277,1.2576957285017205,1.2918106220458545,1.2843397262224279
236,1.2183246486085435,1.2066819390680354,1.2645342335403411,1.2578758406694903,1.2919257797769939,1.2844336110450592
237,1.2183509614106727,1.2065275423787143,1.2642705455141552,1.257697016692392,1.2916372651203454,1.284123524709998
238,1.2188217947367297,1.2067198817782154,1.2647028434496923,1.2579152664851083,1.2920920509355098,1.2844438413754813
239,1.2190990694922872,1.2068913936193244,1.2648494269717305,1.25795015999197,1.292208852694529,1.2844823764882936
240,1.2189854842264252,1.2069708362190752,1.264875457282632,1.2580850236644796,1.2922166937422224,1.2847002818220932
241,1.2188451356613959,1.206987259136592,1.2647895998407932,1.258084224086549,1.292056573013333,1.284658510029387
242,1.218932748657335,1.2072439954932503,1.2649364746212006,1.2586032784524672,1.2921850845911698,1.285210548781729
243,1.2183283684552773,1.207368234523934,1.2641941437422974,1.2585807732997456,1.2915570607572477,1.285087826101657
244,1.2181857903820978,1.2069901323662482,1.2641965331522464,1.2583804778729557,1.2916519303360934,1.2848986054772444
245,1.2179719861880474,1.207705141376379,1.2642248173482085,1.2589322016117541,1.2917563518693485,1.2854539065835346
246,1.2177851322544626,1.2077700632912431,1.2641725302931037,1.259225427872057,1.2916729710283477,1.2858947904687827
247,1.2182379428920986,1.2074079650058247,1.2646683442493858,1.2590129754517851,1.292223914536914,1.2857213355922823
248,1.217746314650947,1.2077580292010885,1.2641773102124716,1.2594244104160994,1.291599385509735,1.2861190496163672
249,1.217913572941788,1.2075137044229631,1.2642457247093801,1.2591588744448694,1.2916478485222476,1.2859392364655882
250,1.2181611914878785,1.2077211884267873,1.2644166817235654,1.2592954983418156,1.2916904495562267,1.286045361039955
251,1.2180081497242974,1.2076967081419019,1.264258535068338,1.2591019015220362,1.2915097978156393,1.2857512897233248
252,1.2184366855352329,1.207332783013119,1.2646400488000358,1.258744057164581,1.291723844903083,1.2854304882225012
253,1.2183500064215864,1.2079163465375462,1.2642558795213474,1.2596177770599846,1.2912920257865965,1.2863401736627393
254,1.2184735645420042,1.2079244075106303,1.2644411673234548,1.2595518432448674,1.291478877130447,1.286224716959829
255,1.2187071857219611,1.2074675030024322,1.2647921546609815,1.2590836888485193,1.2917854258212123,1.2856864968783048
256,1.2193165709208162,1.2071687012129484,1.2653862463302479,1.258906345223051,1.2923252994272512,1.285477898162484
257,1.219338185495123,1.206904928186288,1.2656095023356293,1.2588789102765316,1.2926857171406738,1.2856241131999184
258,1.2191544630140434,1.2064689080567896,1.2656047356929572,1.2585644901869673,1.2927760210654262,1.2852309174513876
259,1.220275137698238,1.2071319095594908,1.2666767148300948,1.259038258610843,1.293871523322007,1.2857572964137984
260,1.220390069876508,1.206817331482834,1.2668820462456263,1.2587792023263598,1.2940677811276542,1.2854676456505965
261,1.2207189593171655,1.2064844281788651,1.26732556015108,1.2585593354222169,1.2945463206368493,1.2852673360340217
262,1.221266748491895,1.2066425743922242,1.2678470478441748,1.258580685941589,1.2951561004711696,1.2853144232416198
263,1.220700792776136,1.206531744494379,1.2673141122973375,1.2582434576864254,1.2946230368612237,1.2850138378480753
264,1.2205082085071526,1.2060980529432925,1.2672122744082823,1.257884879969739,1.294524130147276,1.284693715582961
265,1.2204196584162295,1.2057973348394997,1.2671976501085884,1.257735388918288,1.2943805569468854,1.2844572497397482
266,1.2200760851386871,1.2065117384099915,1.266859878439687,1.2582357076851702,1.2941015117215613,1.2848140763891847
267,1.2202886630175231,1.2064086691278324,1.267092230806886,1.2582069394894437,1.2942180745135352,1.2848235693600611
268,1.2199332717751428,1.206019240473345,1.2668057205410606,1.2579812049237633,1.293950967343486,1.2845951377303626
269,1.2196623431908744,1.2060811680509373,1.266633933053539,1.2580818554422357,1.2937750979626648,1.284660176564782
270,1.2198875631638793,1.206727707332553,1.266942540188869,1.2586906479516138,1.2941172590279364,1.2852794881493168
271,1.22004648310234,1.2070623407784442,1.2671197086747619,1.258999170090729,1.2943103339530224,1.2854776416184344
272,1.2203585049403456,1.2073431730070512,1.2674657609196205,1.2591726548513342,1.2946205619427438,1.2857345385560675
273,1.2200691299335893,1.207062665834577,1.2671856754636033,1.2588068227049665,1.2943168092621704,1.2854078684808463
274,1.2200355152286746,1.2072067611530768,1.2672601022092649,1.259095860963691,1.2944202572485377,1.2856953968875169
275,1.2199485071212548,1.207753468306253,1.2670465402990752,1.2595005948107523,1.2941843405036113,1.2860860292796181
276,1.2198289799485273,1.2077253738536136,1.267001754234908,1.259611732404819,1.2940925585867011,1.2863396680350363
277,1.2199553618665957,1.2077239585942545,1.2669438137434426,1.259543069375807,1.2939356510360174,1.286260113923431
278,1.2195455262244506,1.2075135031998763,1.2664900013468214,1.2594775765080575,1.2935281956327376,1.2861213642128317
279,1.219904775550926,1.207465532487038,1.266664074851691,1.2593044083512688,1.2936730620472614,1.285933152019173
280,1.219787911747974,1.2070678910497963,1.2664703972503835,1.2590319757847082,1.2933759508652631,1.2856073847840477
281,1.219210844841506,1.207017163821839,1.2660871858713019,1.2590141683033804,1.2929960475412192,1.2856289370720058
282,1.2189173219609652,1.2071508292521742,1.2658401316087444,1.258953459519796,1.2927751139638801,1.285547705222897
283,1.2190001760141427,1.2071372530704125,1.2658572309941971,1.2587956446568096,1.292851790982422,1.2854268793762877
284,1.219085355307692,1.2066184342765347,1.2661103388986743,1.2582155573842289,1.2930601060016438,1.2848155607701384
285,1.219283747477439,1.2064323339804526,1.2663717167450677,1.258155761355862,1.2933536190661539,1.2847788682164114
286,1.2193278343470444,1.206546997666205,1.2664061174547507,1.258225837542518,1.293485026600703,1.2848182876680363
287,1.2194496306733738,1.2067600090630872,1.266637888615489,1.2583414310934886,1.2937030132704457,1.2848879207968227
288,1.2193136791520849,1.2063670981803094,1.266709296932469,1.2579821829534896,1.2938209074353213,1.2844380529682455
289,1.219403068898084,1.2060560192895644,1.2669946227496256,1.2575385580265435,1.2940547057076046,1.2840816905094703
290,1.219972968892192,1.2065224358081368,1.2674617388741465,1.2577972997532558,1.2944515871246478,1.2843028546830773
291,1.219942519443798,1.2066084391954692,1.267407607820079,1.2578633461092237,1.294291487417292,1.2842856211862574
292,1.2193079298526674,1.2062636838085294,1.2669704150602505,1.257508062864597,1.2939231140863987,1.2839964429551423
293,1.2194366731139488,1.2062733137217954,1.2670896554567563,1.2577489966599862,1.2942346044442277,1.2841659835920078
294,1.220013053326539,1.2059886828359208,1.267555163042154,1.2575324091067994,1.2947080143372989,1.2840273514901426
295,1.220186716267132,1.205973180758365,1.267639716213741,1.257599319134654,1.2947041282141825,1.2841635601197348
296,1.219903011548288,1.2057995399190906,1.267357910082201,1.2573986166538125,1.2943883639692024,1.2840508437001108
297,1.2201710607736225,1.2056269576453629,1.2677753425464637,1.2572185693312816,1.2949562771839949,1.2837902374250845
298,1.2200511978108706,1.2055131767566594,1.267760898378556,1.2569974848099832,1.2948979402141134,1.2834670648140436
299,1.219885556891932,1.205579509767939,1.2675382314337014,1.2569648333501178,1.294657023439594,1.2834395476125287
300,1.2207308431806232,1.2055338024389006,1.2684890316919755,1.2570314392495727,1.295609955032991,1.2835772167820938
301,1.2209931924463537,1.2056178559021442,1.2691315519340167,1.2572158642387328,1.2961886100705318,1.2837869200598897
302,1.2211213951645623,1.20535420745869,1.2692088358017173,1.2568822679052034,1.2963456160004532,1.2834214913943336
303,1.2212734974276693,1.2052362614781453,1.2692283350496367,1.2569215813436023,1.296325422991088,1.2834670508559023
304,1.2217365517107421,1.205326722445927,1.2697389163187016,1.2569873760956827,1.296837852190685,1.283495987194561
305,1.2213460835848033,1.2050991333251562,1.2692723190622788,1.256821128395825,1.296313971531248,1.2833178977699669
306,1.2212547763654027,1.2048212246713705,1.2689406870924709,1.2565920233373014,1.2958833415478634,1.2831070546936518
307,1.2210035263693484,1.2048326267295801,1.268795600386556,1.2566522798602793,1.2957674040683997,1.2831541946386928
308,1.2207896211046418,1.2048726362604079,1.268464683182343,1.2565122740881038,1.2953167799455267,1.2829365410761904
309,1.2211791690782308,1.204495156640852,1.2687990239683182,1.2561988167281823,1.2955340078852462,1.2826705408096672
310,1.2215171789893535,1.2039492785396948,1.2690943146246876,1.2558068857337887,1.2960244219382036,1.2823682262291982
311,1.2214195013689941,1.203448537864076,1.2694020787785758,1.2553162110448008,1.2964600010039355,1.2818409550759369
312,1.221149324739609,1.2036761130033335,1.2689915234214773,1.2556410378215097,1.296037826954612,1.2822215085378046
313,1.2210375747712896,1.2033478241947295,1.268781903758643,1.2551953308318433,1.295911575536339,1.2817460397347844
314,1.2213774368455805,1.2036535104079455,1.2691808306485768,1.2555363678913825,1.2962231290922963,1.2820876532089145
315,1.220886751228494,1.2037095412901153,1.2686486418988399,1.255454166455674,1.2955563333164926,1.2819972502208685
316,1.220770771210674,1.2039642479855208,1.2684837731250902,1.2555962201067652,1.2953897452868928,1.282171347580643
317,1.220895636218387,1.2038085511943803,1.2685583249770003,1.2555298272085673,1.2954795440370395,1.282153675956328
318,1.2208656694420448,1.2037554097823966,1.268872729964041,1.2555677532139098,1.295819449884208,1.2822220722014734
319,1.220994632681968,1.2042626896742512,1.2689252742091108,1.2559399836769247,1.2957030686393256,1.2825289959436494
320,1.2209835289512383,1.2041039194033025,1.2686244881880773,1.2558089432744288,1.2954066778430409,1.2824404991173244
321,1.2211790483953717,1.2045017069469521,1.2687980346796242,1.2563085196710189,1.2955129716109364,1.2828959355947829
322,1.2210210209766623,1.2042636392136916,1.268700854894443,1.256086458938449,1.29542957846527,1.2826647728048672
323,1.2211522813155542,1.2037282762603376,1.2686866117125526,1.2557332517769069,1.295296594909787,1.2823366298014818
324,1.2206551826490863,1.2040861400963951,1.2681251831679174,1.2561022933343364,1.294653580376027,1.282610136406291
325,1.2206982453835962,1.2040537861597773,1.268051390347133,1.2557252546892201,1.2945987863932238,1.2821109159473019
326,1.2209491242714698,1.2041879678844134,1.2682725491350273,1.2558069330346782,1.2947326988230963,1.282265620072132
327,1.220924102876687,1.204094174801102,1.2682389939910812,1.255664681373559,1.2947559255820764,1.281998066381994
328,1.220677771357658,1.2040167518537337,1.268075140177333,1.255697801031317,1.2946114891047782,1.2819437007510914
329,1.2208327832660446,1.2039516961081467,1.268368333960087,1.2556153284518166,1.2949243691615226,1.2818698342863712
330,1.2205239397646614,1.2039355120511694,1.2681696667526883,1.255587819971701,1.2946639800159705,1.2817670714096716
331,1.220643558435214,1.2038101578896214,1.268287139480726,1.2553750076636445,1.2948498505651984,1.2814807495516967
332,1.2211107320579673,1.2036083853450517,1.268542716710697,1.2553513615636995,1.2950313610086295,1.2815558778291989
333,1.2210963676496436,1.2039031176947106,1.2685538153118454,1.255690322551657,1.295117972439418,1.2818256563663033
334,1.2210583153988777,1.2036029521764795,1.2684521930850534,1.2553438922669782,1.2950376349501826,1.2814949306497334
335,1.220957482080804,1.2038393558457885,1.268366036054744,1.2555773827562067,1.2948337474335394,1.2817829060074621
336,1.221042840413754,1.2046320726585922,1.2684669230918564,1.256364360563379,1.2949260175782578,1.2824742675821041
337,1.2210908782910048,1.2041894540957143,1.2683770420563458,1.2557640793307199,1.2948478027046706,1.281846330373383
338,1.221195515838131,1.2043585368583198,1.2684167817220922,1.255835987899779,1.2949564048391797,1.281924967344004
339,1.221211682975147,1.2042398420704494,1.268517182687795,1.2556598366874228,1.295008701879921,1.2817111251824351
340,1.221074888411516,1.203997889662559,1.2684816222995432,1.2553749892031512,1.2950430738904959,1.2814625889748554
341,1.2213290070353948,1.2040785462238481,1.2689717593429615,1.2554713231317818,1.2954675082042488,1.281563863534579
342,1.2217241355926018,1.2036894948506898,1.2693522415617609,1.2550963688931858,1.2958999523142776,1.281266540897849
343,1.2218194128058435,1.20367897336128,1.269353360104738,1.2550447885781788,1.2959240717814362,1.2812877883761764
344,1.22165774745726,1.203869374645687,1.269190991676121,1.255239172928421,1.2958291623900333,1.2815956870717151
345,1.2216617650665793,1.2034800694859844,1.2692921222761626,1.254914609916446,1.2959434985758624,1.2812576693545643
346,1.2213072614419689,1.2030854078658388,1.269023035909285,1.2545109499354574,1.295659157084409,1.2808752917176343
347,1.221570228039885,1.2033947097205742,1.2693667543287275,1.2549674373718254,1.2959425372888669,1.2813013389259853
348,1.221018037879108,1.2031440842896692,1.2688347613396478,1.2546987366374358,1.2954709695243054,1.2811067067597504
349,1.2212863750055412,1.2031677140689883,1.269357436495099,1.254807912537309,1.2959120489007026,1.2811824630679305
350,1.2209315555185813,1.2031903870209824,1.2689934889710701,1.254957154972198,1.2955566988870564,1.281293580574261
351,1.2209505134050216,1.2028790290562912,1.2688616620171382,1.2547123730400527,1.2953513739832483,1.2810004290789332
352,1.2216213847166024,1.202929937026514,1.2695991282949446,1.254823848524036,1.2961689825358553,1.2811851215473982
353,1.2216627135411329,1.2032906341606096,1.2698044919207399,1.2552349534673386,1.296418284730477,1.2816077298943052
354,1.2221136884386887,1.2033941323107837,1.2704065665576731,1.2553225658706613,1.2970137669002537,1.2816933657230052
355,1.2218366758362393,1.2033733000155442,1.2701499173852768,1.2551895621255027,1.2967958577482863,1.2815748986437654
356,1.2215519845478304,1.2033118214617198,1.2698643445365823,1.2550738769146215,1.2965264169900126,1.2814939932535168
357,1.221588236232009,1.203110889683146,1.2697527139646159,1.254948149595124,1.2963970999024812,1.281356170389226
358,1.2218110149645198,1.202722331288162,1.270083586790488,1.2546212885094115,1.296699807753355,1.281089939393503
359,1.2222659962987157,1.202336863440439,1.270466534805029,1.2541886938121938,1.296980185224083,1.280690101448861
360,1.222423454967067,1.2024612645265176,1.270597847685628,1.2543045476019727,1.297140428749389,1.2807152382426283
361,1.2226481747515512,1.2021178118807014,1.270970686510821,1.2539897469375758,1.2974531064936143,1.2804525313482835
362,1.2224171193368487,1.2023151954446356,1.270743600938087,1.2544174715440846,1.297219998932466,1.2808740172484618
363,1.2227659330909029,1.202173225891673,1.271108547328638,1.2542752142456215,1.2975194280909619,1.2807399312270018
364,1.2228215708132582,1.2024362294673065,1.2710620184633492,1.254402696767851,1.2974286622714064,1.2808727833417715
365,1.2226117502442628,1.2026168687787513,1.2708648880838285,1.254503436460623,1.2972116487533918,1.280937884657162
366,1.2222908829976122,1.2026619894703061,1.2705281324790072,1.2544657458724497,1.296843947228566,1.2810169522055406
367,1.2221279087811305,1.202582815043377,1.270258406914769,1.2544129009029148,1.2965739173373114,1.2809675320733078
368,1.2224219225407758,1.2025386140333085,1.2705252909540687,1.2544303462571935,1.2968758732438754,1.280934336142677
369,1.222624102779252,1.2021602105136717,1.2707229980872567,1.2539739212865966,1.2971094699731318,1.2804818727315523
370,1.2224163088286557,1.20206344071947,1.27045004846038,1.2536461995557568,1.296766386997072,1.2801499269924412
371,1.2221162873127986,1.2019545574379829,1.270090526520957,1.253485683016595,1.2964715540839364,1.2799721232540175
372,1.2220112285095925,1.2022452362876657,1.269918427889811,1.253796088071111,1.296281174756121,1.2803718228983514
373,1.2214493878545931,1.201783260153299,1.2692741668961955,1.2533710415658488,1.2956889163404746,1.2799963463033763
374,1.2215999638452042,1.2018805793500416,1.2692894706243525,1.2533079950492967,1.2956940665287817,1.2798984238889637
375,1.221539331650068,1.2020684994871933,1.269226280148129,1.253481210576223,1.295696854072829,1.2801003942952784
376,1.2217379291757589,1.2020997458258902,1.2693720019824701,1.2536805666034971,1.2958765215387635,1.2802823865750232
377,1.2216964803035486,1.2016669616877373,1.2693125938155063,1.2531385877683956,1.2957865141601588,1.2797775650647272
378,1.2215653916633535,1.2015696323368512,1.2691303598399617,1.2529197191230115,1.2956689521218525,1.27963347328057
379,1.2214740699244688,1.2016473036413549,1.2691120216360676,1.2528174334626938,1.2956775289746005,1.2795338112450765
380,1.22180983525163,1.201343530466966,1.2694915888077734,1.252705079898566,1.2959860763325068,1.2793440363395434
381,1.2218092251311476,1.201755667566391,1.2693749776566008,1.2530945350211216,1.2958587256135428,1.2798186767376605
382,1.2221104971129062,1.2013082338751193,1.269668688104394,1.2528054634278754,1.2961851758249459,1.279558463916161
383,1.22258532592126,1.2016327816874566,1.2702418789475893,1.2531813882944194,1.2966805695421768,1.2799117808754765
384,1.222381263421672,1.2016987524672549,1.2700855182351825,1.2533835135998286,1.2964898049333777,1.2801557796107315
385,1.2225534662810735,1.2019584046696647,1.2702705007375772,1.2536714287314061,1.2966476328345806,1.280394818901645
386,1.2227175089706939,1.2023383381339168,1.2704292575675509,1.2542900142159927,1.296830373813689,1.280979658739902
387,1.2226280669141436,1.2021069967554991,1.270434250632746,1.2541209019015698,1.2967868790635046,1.2809150094697768
388,1.2225231160029175,1.2018592488727131,1.2702727221426473,1.2536594529906848,1.2966897629139618,1.280387474230332
389,1.2223758352772391,1.2019088303622412,1.2701435133088397,1.2537683418745078,1.2965914809525168,1.2804861496690618
390,1.2224943297638138,1.2021509166105218,1.2701124775753616,1.2541913310984105,1.2965257652779179,1.280873012145233
391,1.2224264085082945,1.2024377398569788,1.2700962954147696,1.2545371051235845,1.2965397350409191,1.281131285022125
392,1.222435637121792,1.2025673883773564,1.269919867853255,1.254746855832307,1.29635160245408,1.2812964995561915
393,1.223044782904837,1.202543275897673,1.2704185285641802,1.2546790390092677,1.2969033137328236,1.2811895994922284
394,1.2228557510023306,1.2026255297730137,1.2701944403040264,1.2548126160009214,1.2966103217452485,1.2814258743287272
395,1.222722987574054,1.2030857528095225,1.2699732812758326,1.2551209426724494,1.2963493705599531,1.2817228391190543
396,1.222848617106712,1.2030226943203295,1.2703423473621307,1.2551549454634658,1.2967965599651325,1.281764153737027
397,1.2228026198145878,1.2027707533334528,1.2702887770459608,1.2549544673725501,1.296690846645197,1.281554051905905
398,1.2228607954025814,1.2032102128740534,1.2705357914992854,1.2552899197690868,1.2969412210497182,1.281837967310826
399,1.2227732832832796,1.2034587866188327,1.2706153453087823,1.2553051417962704,1.2969569743574862,1.2818276356824447
400,1.2230086544736531,1.2036253981889944,1.2708414439817157,1.2553568988499333,1.297209915202919,1.2819188094768166
401,1.2227822773583008,1.203466731475158,1.2705986669769127,1.2553290501039178,1.2969517455192388,1.2817662621908783
402,1.2226621755063272,1.2031140444067236,1.2706193277590503,1.255037709619168,1.2970619418752163,1.281420646354263
403,1.2229337074773092,1.2029966044165938,1.2708103460453783,1.2551624349786727,1.2971275138932616,1.2815723843466262
404,1.2231931536947822,1.2030551432065075,1.27092132424367,1.2552908937776914,1.2971796089378642,1.281711577950985
405,1.2231572069255383,1.2030770903599102,1.2709465392593808,1.2553257746412054,1.2972899224722036,1.2819279023551147
406,1.2230342993711931,1.20277655061533,1.2708156785849096,1.2551233153747894,1.2971566829466092,1.2817375397099346
407,1.2231114204901339,1.2024222528364792,1.270854334033789,1.2548793722544789,1.297102702870795,1.2814338718708889
408,1.2233757650569306,1.2025575772286232,1.271028042624215,1.2549912957577396,1.2972548899550136,1.2815864295064563
409,1.2235101836865137,1.2024760531693683,1.271212349676872,1.2549958567070894,1.297441806422258,1.281644007689284
410,1.2234073511247403,1.202411021123568,1.2710306456905869,1.2549421467258037,1.2972482237325722,1.281620781702272
411,1.2231398522452523,1.2024684998664652,1.2706496016412978,1.2550371153484858,1.2968929433844263,1.281710920192907
412,1.2234295047688115,1.2027856601662723,1.2710110743202316,1.2553638379410268,1.2972752012832975,1.2820074092403528
413,1.2235323437185726,1.2026573422268216,1.2711310064064754,1.2551394542572845,1.2974482174010504,1.281794689288909
414,1.2233954636699114,1.2028111213739252,1.2708817893282145,1.255283752398072,1.297282260097079,1.28191487294899
415,1.2236055836246473,1.2029934523081516,1.270941965043605,1.255450947255258,1.2973642777702128,1.282098889963111
416,1.2235611559398298,1.2030309503607384,1.2707810554622003,1.2553897327316308,1.2971681982159657,1.281940019614237
417,1.2236293317099274,1.2032800883921695,1.2706916450321408,1.2555955378173618,1.2970674655857706,1.2821033284403252
418,1.2238047846245597,1.203147508688594,1.270825261980306,1.2555468743833178,1.2972504901784478,1.282004434394633
419,1.2238546307848737,1.2030554928998882,1.2709079590996337,1.255495846574757,1.2973236973175633,1.281827078898773
420,1.2235161754749881,1.2028457611478052,1.270609350492466,1.2552338244186296,1.2970282450644404,1.281556714261062
421,1.2240676233313232,1.2027911236644429,1.2712151601625747,1.2552633194244478,1.2976882523930469,1.281557240595498
422,1.2238629014391156,1.202781702699499,1.2710656919655308,1.2551524543608183,1.2975787583562235,1.2813897097795999
423,1.2234722563931169,1.2026324317315946,1.2707031525698491,1.2549696010036417,1.297266214402743,1.2811901585313499
424,1.2232182889680454,1.2026473089240872,1.2705150789706685,1.254939078147049,1.2971660885806096,1.2811559826517855
425,1.2236086373342736,1.2025790527850249,1.2710416437802439,1.255004742431106,1.2977552901938056,1.281227807054328
426,1.2237402958216854,1.2024671705855563,1.271313989816763,1.2548725635796607,1.2979167898812736,1.2810184473133464
427,1.2237233474214817,1.2024656273393657,1.2713099482882881,1.2548234148717483,1.2978713387493315,1.2810021490060073
428,1.2240136640955401,1.2027435257676418,1.2714350947178785,1.2551709803318933,1.2980414327627434,1.2813157874836392
429,1.2240451493118867,1.2026969574365065,1.27155166813294,1.2551697578659422,1.2981716220191577,1.2812587224206604
430,1.2236496683013,1.2026351340174832,1.2712220639311311,1.2550586379772084,1.2978692009501258,1.281091767036713
431,1.2235539459614195,1.2027713792567745,1.2712056334228228,1.2552326626201147,1.297834507361454,1.2812632519998655
432,1.2237902905228355,1.202698487186954,1.2714625193252136,1.2551608954795297,1.298137156676148,1.2812160194656925
433,1.2240147112015909,1.203075220330291,1.271676613174227,1.255543087549693,1.2983808394370673,1.2816451898324104
434,1.2241794857901922,1.2031004905834328,1.271841948189216,1.2555182385443862,1.298545623268015,1.2815805121842023
435,1.224200362392546,1.2033980003725873,1.2718409707507679,1.255708948451106,1.2985344811560733,1.2816979019281691
436,1.2242664233322325,1.2034228568958536,1.2718741481937499,1.2556784257211013,1.29855553600573,1.2817130819817053
437,1.224534293612873,1.2035625682364937,1.2720763914977644,1.2558281919556888,1.29869055760405,1.2818596645508569
438,1.2251840701762595,1.2038657541504032,1.2726901579564946,1.2560659788742778,1.299232325881226,1.2821618027088606
439,1.2249810519882298,1.2035030269452607,1.2723936918660126,1.2557385369192522,1.2988838190586796,1.28191760240149
440,1.2249260571846792,1.2038240719403528,1.2723116001028623,1.2560057121231945,1.2987780874182695,1.2821363690191898
441,1.2248353502794949,1.2039369332981118,1.2721751757506272,1.2560530958594749,1.2986890036852767,1.2821970217682073
442,1.2251249888230316,1.2039659561272054,1.2724672717997338,1.2561971960198317,1.298993856525021,1.28234522860035
443,1.225140458800556,1.2041051495138588,1.272567868544447,1.2564434341691655,1.2991072960330579,1.282605181198736
444,1.224963997392687,1.2041187945176552,1.2724017877410332,1.2564156731538667,1.2989523844240836,1.2824901883894468
445,1.2251333268193942,1.204115224786693,1.2725116156353027,1.2564737954203196,1.2990383361148192,1.282608905553149
446,1.2254588954785717,1.2039967125756017,1.2728707506835808,1.256324695296712,1.299483264287792,1.2824137709637429
447,1.2256679133760253,1.2039578617522408,1.273099879424504,1.2563660585667291,1.2997200730739795,1.2824508020006675
448,1.225679931844371,1.2039125075220882,1.2731894436501436,1.2561575797264821,1.2998739628676432,1.2822223158638157
449,1.2257198677715282,1.2038318015544862,1.2732268164929201,1.2560402533737034,1.2998957378390628,1.2821287215401107
450,1.2254680737640289,1.2038536827909159,1.2729092036178244,1.2561856066060908,1.299585122526925,1.2822998318936158
451,1.2257010445340553,1.2037415642574916,1.2732303544859784,1.256098515777577,1.2999893406506415,1.2821708974310413
452,1.2257813703710543,1.2037441929644295,1.273330831860374,1.2561497541259945,1.300024117187052,1.2823059598336919
453,1.2257550395952217,1.2035180045107288,1.273421979596389,1.2560796003551653,1.300081099405392,1.282194417222296
454,1.2257694927830454,1.2034022884871,1.273423660048686,1.2560129784126968,1.3000220832494989,1.2820737507089595
455,1.2257536914291605,1.2037360596646436,1.273296905163761,1.256390008284075,1.2999014395630957,1.282424137663673
456,1.225763118603969,1.2038389767367694,1.2734092583078271,1.2564976625878288,1.300030044115353,1.2825748568345618
457,1.2256132973017086,1.2038602689870512,1.2733025661085036,1.256497412995653,1.2998691552363042,1.2825412419223925
458,1.2256690686627099,1.2040069125976849,1.2733170478058258,1.2566849528482635,1.2998681136445835,1.2827141496939012
459,1.2258277527019859,1.2040065472526664,1.2735568717648216,1.2566907051007246,1.3000521597239876,1.282736840428691
460,1.2256969368532693,1.2040204275254798,1.2734495766535414,1.2566877946535115,1.2999667538791613,1.2827234888069605
461,1.2254804927175977,1.203985811363865,1.273294807451328,1.256649380861562,1.2998775626837724,1.2827289457161715
462,1.2254577937106008,1.2036929726114114,1.2732495581810617,1.256299539982794,1.2998160753537218,1.282348079656906
463,1.2251731677954134,1.2036941000526207,1.2730366535205109,1.2563201847860213,1.2996582294791355,1.2823278913504488
464,1.2249698386884862,1.2039968633902403,1.272798288992017,1.2565919504004068,1.2994427527122243,1.2826049878885355
465,1.2247878039411015,1.2042677664002226,1.2725293313422268,1.2568246109427645,1.29915743402354,1.282803129534727
466,1.2246397104700488,1.2041985204449168,1.2723861798759584,1.2566899997889953,1.298964561942928,1.2826960200741073
467,1.2247596552864077,1.204014278754497,1.272445115419656,1.2564959130126017,1.298989336897418,1.2823828330973064
468,1.2246781304734788,1.2041062044249968,1.2724252672680918,1.2565259278815502,1.2990390006932686,1.2824470902288454
469,1.2244458605338424,1.2042259948176741,1.2722380291504942,1.25660195062821,1.298883970044858,1.282599795594846
470,1.2246373830056259,1.2040977184595325,1.2722870787401188,1.2564144594382802,1.2989109905246985,1.282418824583373
471,1.2248389883031825,1.2037958044324069,1.2724519764483992,1.2560017406362611,1.299082432833237,1.2820179094368536
472,1.224772301960619,1.204281901822926,1.2722969150738057,1.2564617335201214,1.2988865225846769,1.2824802751146254
473,1.2247981289927117,1.2042545098583441,1.2722252338276632,1.2564361795778052,1.2987963574833459,1.2824611318312562
474,1.2248503751607107,1.2041554477771579,1.2722398700420297,1.256332278020654,1.298801272159007,1.2823418403292248
475,1.224686387361502,1.2042384735773657,1.2721014372925799,1.2565362651048206,1.2986686421871574,1.2825780320571898
476,1.2250507981843644,1.2040903218692056,1.272550551545451,1.2563554917030992,1.299042857530132,1.2824088587882738
477,1.2250279081354547,1.2044035382706517,1.272369751792864,1.2567263623477458,1.2988589182686354,1.282836644147306
478,1.225015434218839,1.2046392581903673,1.2725201284966632,1.256828792214452,1.2989897732271694,1.2829180310270916
479,1.2248085924413876,1.2047433681501207,1.272268516085471,1.2568442631790986,1.2987231739712926,1.2829361242510702
480,1.2245189761649502,1.2046702961849622,1.2719313658367641,1.256821846201604,1.2984038445891644,1.2829124074361005
481,1.2244242855491556,1.2046601041567357,1.2718762674723696,1.2566953188339791,1.298291685391063,1.2828081727108025
482,1.2242084813004774,1.2047144698904486,1.2716421856747497,1.2567303468280573,1.2980467904813051,1.2828501460742627
483,1.2240359737924877,1.2045762907908786,1.271532338231722,1.256564495373655,1.2979407898421829,1.2826991429447114
484,1.2241251494083283,1.204609120083662,1.2714272370991369,1.2565966615329769,1.297777315103156,1.2827536152236696
485,1.224194577095177,1.2046852616820765,1.2715186393428366,1.2566217268156337,1.2978892575524095,1.2827142643396408
486,1.2242725026993526,1.2050180159184118,1.271704268763741,1.256912465483626,1.2980494987271876,1.2830264321175293
487,1.2245641393134865,1.2050739558802404,1.2719378137612474,1.2569773729678864,1.2982534406664485,1.2831046117551248
488,1.22419491279213,1.204870565375993,1.271660322729924,1.2567675842145827,1.298017691078116,1.2829184234400808
489,1.224237825585461,1.2049582882463246,1.271734259141353,1.2567977225328533,1.2981102065156744,1.283042776370059
490,1.2241042321577995,1.2052919183250785,1.2714753357623558,1.25707721960734,1.2977853147534635,1.2832678080412314
491,1.2241069602898278,1.2054149735445687,1.2714928830881795,1.2571050487362216,1.2978350255501443,1.283207578474657
492,1.2241030606008478,1.2056016754988068,1.2713677101916632,1.2572721596966883,1.297692185530245,1.2833579160970414
493,1.2239723098063888,1.2057003629853331,1.2712919524515145,1.2573029082173535,1.297714998593479,1.2833432208997573
494,1.2239299464112756,1.205737054299464,1.271356513531187,1.2574009101788173,1.2977907421339991,1.2833761845480591
495,1.2239857547589734,1.2058281750462472,1.271401254824399,1.2574421560280316,1.2978371414660166,1.2834264847016577
496,1.2240979625602733,1.2060393517598718,1.2714934924976053,1.2575960014867646,1.2978865548492922,1.283669720667031
497,1.2239662220432181,1.205966047000775,1.2714517220944455,1.2575934946461391,1.2979077727654598,1.2836753321535135
498,1.2239393499274558,1.2059976044021885,1.2714556115803028,1.2575927585318418,1.2979032381301914,1.2836858078736564
499,1.2239832528345167,1.205620229677408,1.2715297846719618,1.2573055520274874,1.2978893278136057,1.2834416686279846
