t,x1_est,x2_est,x1_std,x2_std,x1_real,x2_real,x3_real,x4_real,reset
0,-1.2197553582801812,-1.9032054180459468,1.2989028904948479,1.2989028904948479,0.002838375271999815,-0.00205566008198988,-0.0016754122937967574,-0.011675310593019423,0.0
1,-1.638807318118823,-1.5656002162411822,0.9188636282717785,0.9188636282717785,0.013389457733820815,-0.010131350242010942,0.017156563933782197,-0.010083745367225106,0.0
2,-0.5499445933929796,-1.7108600257311586,0.7503792308916916,0.7503792308916916,0.021508493735682317,-0.018652223036069823,0.006711884076248726,-0.009659431796283634,0.0
3,-0.30233656791536573,-1.0035110117730284,0.6499267168705969,0.6499267168705969,0.03457478836390608,-0.03128175669550177,0.014435689487890178,-0.019129349111556553,0.0
4,-0.12048469490142807,-0.968543057412355,0.5813775295566407,0.5813775295566407,0.04945878542647176,-0.0483587920719497,0.019863301302351585,-0.013584926680986787,0.0
5,0.020322805543681682,-0.7958831745724779,0.530784814265585,0.530784814265585,0.05441438324923101,-0.06025380083459537,-0.0019681591581681215,-0.01125857137157591,0.0
6,-0.08380458425632731,-0.5124474498071991,0.4914740471816289,0.4914740471816289,0.0451902951497857,-0.07647088311601144,-0.016829737242805443,-0.015748337094684678,0.0
7,0.008596645438822756,-0.43658938269747743,0.45979689913239197,0.45979689913239197,0.025771523835154346,-0.09173822747929748,-0.024193807005656476,-0.0033456476187439955,0.0
8,-0.17804522082965513,-0.4016286298489742,0.43356862297724774,0.43356862297724774,0.00855004443269318,-0.09388239745210057,-0.007323317681304849,-0.001963384661362531,0.0
9,-0.3651380688298712,-0.3201513845228134,0.4113904831441804,0.4113904831441804,0.010202566670227156,-0.0943216216585085,0.0003816530795320225,0.001930845903698031,0.0
10,-0.2853376885422378,-0.19449701178427273,0.39231993658220377,0.39231993658220377,0.019028206688548252,-0.10102908689114426,0.015457761064579783,-0.0003107221988643523,0.0
11,-0.22773775277199598,-0.3393705292372289,0.37569558351625115,0.37569558351625115,0.04057153923255703,-0.10389110203297097,0.015262487675337503,-0.007865628744829989,0.0
12,-0.13175562378725958,-0.38279193576244985,0.3610377838284224,0.3610377838284224,0.058696532262280714,-0.1110855805321814,0.02416355238830603,-0.013551308917827269,0.0
13,-0.18089167403125284,-0.2037480521853626,0.34798909426533237,0.34798909426533237,0.07856998283673673,-0.12550709917915676,0.014903970454393196,-0.006841686179880543,0.0
14,-0.35023634428736977,-0.28602008190104905,0.3362769471830169,0.3362769471830169,0.08580788199821551,-0.14087591297891072,0.0007473797998708512,-0.018734467648050316,0.0
15,-0.19433924162239022,-0.09535066254358768,0.32568937793470065,0.32568937793470065,0.08962614609957543,-0.15417636710749483,0.014624987466161591,-0.008565546288793647,0.0
16,-0.11893946393977375,-0.011903536582371033,0.3160587306813236,0.3160587306813236,0.10791101266546017,-0.1620725577205466,0.017338438193876694,-0.005805184964634147,0.0
17,-0.10133936170808444,-0.008379554422449273,0.3072504176612165,0.3072504176612165,0.1255183591223302,-0.16716958302936535,0.02426685006441123,-0.00024919999641426563,0.0
18,0.03183806740299086,0.02635503837881984,0.29915497832974697,0.29915497832974697,0.1388968570897656,-0.17171818010216558,0.009308870007469387,-0.007085605501236806,0.0
19,-0.09574551134281606,-0.10280641077523983,0.2916823513958332,0.2916823513958332,0.15475944612278164,-0.16669766778216016,0.022831550514783975,0.014776551466849027,0.0
20,-0.10496719232231008,-0.07269097486098461,0.28475766602803115,0.28475766602803115,0.18128385426298382,-0.14637019574293383,0.02537955115211932,0.031036266304614177,0.0
21,-0.0527481575825574,0.06390772946196557,0.27831809791668083,0.27831809791668083,0.20519769779247235,-0.12172210622527865,0.023450796750605265,0.019902340137451676,0.0
22,-0.007065010684445747,0.13065129209377313,0.27231048576297917,0.27231048576297917,0.22515029327047814,-0.09461231768651612,0.020860944629586573,0.027158898958927095,0.0
23,-0.0511619816907932,0.18376390103344248,0.2666894999652382,0.2666894999652382,0.2349030348708243,-0.0625669479946627,0.008848512234211875,0.028927073109649287,0.0
24,-0.16462233564610165,0.19630302040465092,0.2614162184103313,0.2614162184103313,0.24777202281285093,-0.03905144154421422,0.01392477150462401,0.022528328239998712,0.0
25,-0.18913804461421296,0.20814335224812444,0.25645700656105513,0.25645700656105513,0.26169500458052636,-0.02314364544248508,0.013969476027168215,0.018500404219321268,0.0
26,-0.21723315351553776,0.08847086847955649,0.251782627869347,0.251782627869347,0.2738147231355643,-0.006028888974066154,0.012900216624745579,0.012993038267260018,0.0
27,-0.21485121662561316,0.10145110473668958,0.24736753054614385,0.24736753054614385,0.2869016889252293,0.018663448065087556,0.012581698429888493,0.04261046373934676,0.0
28,-0.22864761000002656,0.06124848479154648,0.24318927080332556,0.24318927080332556,0.31110625538855763,0.0748574568784886,0.025111616143831783,0.06518983436612007,0.0
29,-0.2094632441638086,0.0775854621619064,0.2392280427418479,0.2392280427418479,0.34222927659118957,0.1481205139244223,0.03283319522644729,0.07737625744028524,0.0
30,-0.18090638731261802,0.12282456741427959,0.2354662923372387,0.2354662923372387,0.37182281945719853,0.21628358691479466,0.02848932201744312,0.061423869591564206,0.0
31,-0.19578058310376392,0.11710639488165088,0.23188839830177144,0.23188839830177144,0.40173793107077066,0.27941316468475175,0.03094991658711433,0.05941219817332068,0.0
32,-0.21442825200553411,0.08359976413626813,0.22848040654740845,0.22848040654740845,0.4353814813477541,0.3399239813192316,0.03411226228214452,0.04623556006836674,0.0
33,-0.18443300350111688,0.12111805288924035,0.2252298079245669,0.2252298079245669,0.47035971486846045,0.39064224903813594,0.043528541291971826,0.049855531275181664,0.0
34,-0.1818034514294745,0.10684541086920364,0.2221253511406857,0.2221253511406857,0.5060314749880033,0.43659263995725134,0.03319189939629284,0.0543862988152453,0.0
35,-0.15177518377358593,0.13546137035575917,0.21915688446140066,0.21915688446140066,0.5348939971513607,0.4939605133729341,0.024488603225508367,0.061429667625794986,0.0
36,-0.17488280477755042,0.15920838106878732,0.2163152211029351,0.2163152211029351,0.5710351373889525,0.5741977445542488,0.03808243424253849,0.09387502791972416,0.0
37,-0.08988370236192925,0.17753345290450784,0.21359202423602514,0.21359202423602514,0.6098165655055068,0.671989886993616,0.03376112449055858,0.0982036263076278,0.0
38,-0.050031540366121625,0.17639467807053877,0.21097970831143864,0.21097970831143864,0.6480576597290433,0.771068502658235,0.03858633352344412,0.102420705054082,0.0
39,-0.05263093780499532,0.23817050770490134,0.20847135403797754,0.20847135403797754,0.6829714341741512,0.8699126684091486,0.03284715633939913,0.09713166324748894,0.0
40,-0.04930409810134351,0.3231960620320069,0.20606063483516202,0.20606063483516202,0.7074709107057787,0.9634816325872964,0.015038314246895224,0.10139516055394367,0.0
41,-0.02100566777310568,0.3287546721475831,0.20374175297406047,0.20374175297406047,0.7128539952410675,1.0707746916363878,0.0029769941364509722,0.11793004423870981,0.0
42,-0.011981776860609009,0.36126769926235786,0.2015093839331869,0.2015093839331869,0.7228704452523597,1.1899373117739767,0.010711693156271709,0.12008859770978504,0.0
43,0.012933062427273748,0.3920026204630909,0.199358627748936,0.199358627748936,0.7289722728759115,1.3133928228898628,0.005020910567578252,0.1279340993799104,0.0
44,0.0028711603448297353,0.4225704007378856,0.1972849663445986,0.1972849663445986,0.7371033369148515,1.453713865058019,0.01057376780567387,0.15114740690164963,0.0
45,0.014068269910300532,0.38171107887516326,0.19528422598856085,0.19528422598856085,0.7538315830695206,1.5932030841737108,0.0157227240042897,0.13528277369813005,0.0
46,0.08619788131613755,0.38915451049557376,0.19335254416856318,0.19335254416856318,0.7705343726706828,1.7319226458392283,0.009648727151592337,0.1402005001623435,0.0
47,0.11057964139130833,0.4047060075837034,0.1914863402809081,0.1914863402809081,0.7816384314069538,1.8689933801846432,0.0169441414869,0.13696763794844907,0.0
48,0.16541400072367443,0.4869642631776281,0.18968228962598702,0.18968228962598702,0.7916254490540614,2.0089720018896724,0.010252489865267025,0.13619845842844805,0.0
49,0.14897781692507367,0.4978403174215161,0.18793730027817512,0.18793730027817512,0.8112197258923971,2.1519653837298973,0.019169808073074723,0.14833892986181638,0.0
50,0.17330009163250634,0.5014929747358385,0.186248492461978,0.186248492461978,0.8349802131067532,2.3017253460195537,0.01980050576153709,0.1553093022676889,0.0
51,0.21277562865931873,0.47788344175560105,0.1846131801196646,0.1846131801196646,0.854089654851808,2.464635624624672,0.026005201836055643,0.17088778187579015,0.0
52,0.2521906856285322,0.47369674650947324,0.18302885440037292,0.18302885440037292,0.8883603793872672,2.639298557685919,0.043628843989692155,0.1710621429487183,0.0
53,0.29325094819195396,0.49953196731533467,0.18149316883835015,0.18149316883835015,0.9295920836529002,2.8076683170028907,0.03915941886168482,0.17021807029195896,0.0
54,0.31216038563948423,0.5099133931394044,0.18000392601981544,0.18000392601981544,0.9790376031181757,2.9692233890994864,0.054721780903326286,0.1503505883886923,0.0
55,0.37517074439482373,0.6170673794013608,0.17855906556490633,0.17855906556490633,1.0296745271698569,3.1264370385884988,0.0464241410025696,0.16842981488135222,0.0
56,0.4083263271138278,0.6815276547886819,0.17715665327410396,0.17715665327410396,1.0791157666149644,3.296014390342624,0.043211177696600406,0.1674500264628634,0.0
57,0.4136508410769114,0.7156593053603666,0.17579487130808888,0.17579487130808888,1.1237020575961727,3.4542557776741503,0.046830895699635076,0.14807376973252756,0.0
58,0.42976449343940387,0.7334759952107196,0.1744720092867092,0.1744720092867092,1.1709414240086686,3.6027367768107568,0.04640331878629662,0.15323246605893917,0.0
59,0.46330357433978225,0.7709430272422237,0.1731864562070892,0.1731864562070892,1.2229546523851553,3.7676299571865917,0.053157886513798214,0.17146763948157623,0.0
60,0.48112311329332236,0.8155351956798776,0.17193669309324958,0.17193669309324958,1.276756354263887,3.932752128349871,0.04669255018302466,0.16472402563461178,0.0
61,0.48006383192507807,0.8673160667741688,0.17072128630025138,0.17072128630025138,1.3184034504078253,4.098648241464255,0.037622482971258364,0.172993109552258,0.0
62,0.47720790196133556,0.9307442285759375,0.16953888140507634,0.16953888140507634,1.355459572470179,4.270696450363659,0.040039686582965334,0.17577133328435382,0.0
63,0.5131408420245327,1.0189383201680076,0.16838819762443127,0.16838819762443127,1.3919627300431,4.445514004211164,0.03905943191983913,0.1774623064507666,0.0
64,0.5134662222580819,1.0849817939095292,0.16726802270659066,0.16726802270659066,1.434585438279138,4.622092115356337,0.051573482115295326,0.17286714433075887,0.0
65,0.527940091437849,1.136441497272023,0.16617720825042337,0.16617720825042337,1.4836812906723809,4.803252132897429,0.04203259502280136,0.18916389457280605,0.0
66,0.514071107307734,1.2007034851320224,0.1651146654100136,0.1651146654100136,1.521991360077362,4.991273616918277,0.03290859677467608,0.18204558727801753,0.0
67,0.569799252656873,1.2191735240189265,0.164079360947889,0.164079360947889,1.5516767970846235,5.167019131414942,0.03350930755028308,0.1687142863481649,0.0
68,0.5557560912111714,1.2970148722056272,0.16307031360390373,0.16307031360390373,1.5865966393988526,5.327958422981427,0.033289568396573106,0.15307514117327511,0.0
69,0.5579323691107615,1.3761283336221062,0.16208659075036644,0.16208659075036644,1.618193614528011,5.477306480810596,0.02784357692362133,0.14690855353428123,0.0
70,0.5858834821850696,1.460897887921808,0.1611273053071203,0.1611273053071203,1.6440069534138353,5.629129111028292,0.02625308703481537,0.1576555162946059,0.0
71,0.5584238590912541,1.5346161837799666,0.16019161289303063,0.16019161289303063,1.6665218968929643,5.782446589662738,0.010751784521526836,0.15362886296075826,0.0
72,0.5764103879514119,1.5994585796209582,0.15927870919276182,0.15927870919276182,1.6773147602545588,5.9361062632350245,0.010436190742354608,0.15443545708608597,0.0
73,0.6134169759622992,1.6586507551039602,0.15838782751987265,0.15838782751987265,1.6851950197310555,6.085691530129275,0.008844298510912476,0.14515925102857297,0.0
74,0.6465271521919984,1.728427860292255,0.1575182365591622,0.1575182365591622,1.6984823430858185,6.2272681779523404,0.014803848834893673,0.1370109094309599,0.0
75,0.6657422478791211,1.814692537005928,0.1566692382728884,0.1566692382728884,1.7132350004018508,6.358662586864561,0.008967257157206953,0.12795312154289332,0.0
76,0.667278158763122,1.8974493211900805,0.1558401659569828,0.1558401659569828,1.7130541399801242,6.481910277926941,-0.007348452198572384,0.12218023747988273,0.0
77,0.6997313281073289,1.9748471091944226,0.15503038243472447,0.15503038243472447,1.698237045993972,6.603941941004254,-0.023744829204364687,0.11950701405131627,0.0
78,0.7307938432963224,2.026340729812956,0.15423927837652873,0.15423927837652873,1.67862371907585,6.727110035826746,-0.015642969896419785,0.12325777412681885,0.0
79,0.7468050957394994,2.121972234166493,0.15346627073557365,0.15346627073557365,1.6569662569374812,6.856013166642462,-0.021247440867609657,0.13136117576591155,0.0
80,0.7284502444803403,2.2269124463102914,0.1527108012899412,0.1527108012899412,1.6348863768329953,6.990314959066222,-0.02289305696079574,0.14429534510567993,0.0
81,0.7417558527819997,2.3164998603292424,0.15197233528280552,0.15197233528280552,1.615696316994503,7.137308748405394,-0.020436554097733477,0.1547314480466389,0.0
82,0.7575200487869495,2.3780907697082547,0.15125036015296725,0.15125036015296725,1.5992872651136671,7.293045093867229,-0.01696035013923195,0.15592046037455198,0.0
83,0.7665108826182631,2.4771971729935784,0.15054438434872314,0.15054438434872314,1.574220052953401,7.445207621873745,-0.033656203251852326,0.1523728490994589,0.0
84,0.7824673968200357,2.5573754454450244,0.1498539362186798,0.1498539362186798,1.5424033585038193,7.5959934737166925,-0.016007593955941184,0.15214983715574257,0.0
85,0.7992189282171812,2.6367514523561124,0.14917856297368,0.14917856297368,1.5244314157432712,7.744414460789952,-0.012412216847658973,0.1392432331564873,0.0
86,0.795824610070793,2.6940774620064296,0.1485178297145131,0.1485178297145131,1.5109412529735484,7.8993267556665945,-0.016978810867126572,0.16052042948720585,0.0
87,0.8071862994046595,2.759680346948504,0.14787131852053714,0.14787131852053714,1.5045997323543734,8.05885739735411,-0.002188847995207315,0.15948731468878471,0.0
88,0.8040766779255993,2.8157242376785527,0.14723862759475162,0.14723862759475162,1.5071109728361198,8.221493140022153,-0.0034497034236864164,0.1689189580884477,0.0
89,0.8110818712977159,2.855722466086275,0.14661937046123266,0.14661937046123266,1.5124810622385243,8.389044111044157,0.010514208320071407,0.1675554782771797,0.0
90,0.812744663609604,2.963954796712682,0.14601317521117982,0.14601317521117982,1.5283347710332154,8.554561168128888,0.0196335582726422,0.16557360344523028,0.0
91,0.8136156662621927,3.0088635425133,0.14541968379413067,0.14541968379413067,1.5535213245540624,8.721606978131113,0.03216166482818061,0.16699882523604856,0.0
92,0.8134438011935401,3.078384780685655,0.14483855135117768,0.14483855135117768,1.5821538529104404,8.897670456304853,0.018756713886843163,0.17806210882767065,0.0
93,0.809963268160337,3.174986901504007,0.14426944558727464,0.14426944558727464,1.603107889333843,9.086529541531164,0.02453526545083257,0.19011682368893137,0.0
94,0.8128537621196313,3.261391543734786,0.143712046179951,0.143712046179951,1.6378821126492642,9.276124409209745,0.038659427856066624,0.19056757585737916,0.0
95,0.8182389079195831,3.3186375687598186,0.14316604422196225,0.14316604422196225,1.684676131310337,9.465588440803533,0.05009312986990748,0.1874534201999214,0.0
96,0.81151495397303,3.390675021704905,0.14263114169559526,0.14263114169559526,1.7330328542782965,9.647501944315271,0.05275851656694017,0.17699122629518987,0.0
97,0.8296997436549665,3.462602505252653,0.14210705097652482,0.14210705097652482,1.7856886728031083,9.82863105126161,0.060172240647457166,0.1787035597185144,0.0
98,0.8324789914037222,3.5783799440409294,0.14159349436527363,0.14159349436527363,1.8515388881722998,10.006145179611757,0.06844537741507092,0.17297538536248525,0.0
99,0.8575662320978741,3.649472293535723,0.1410902036444786,0.1410902036444786,1.9147721706346823,10.174676641631594,0.06561205642333223,0.1656193868143258,0.0
100,0.8817303975217256,3.7091562985442414,0.1405969196602965,0.1405969196602965,1.977568276065586,10.330586610112725,0.06441767048179763,0.153119416132095,0.0
101,0.8996137673685007,3.8058800334211975,0.1401133919264072,0.1401133919264072,2.048798350334804,10.489523051327234,0.07622199761994183,0.15759396194210878,0.0
102,0.9077815433690481,3.8739833766516374,0.13963937824918427,0.13963937824918427,2.1166438306681616,10.640919336040781,0.06737596529741968,0.15284185649877707,0.0
103,0.92077396113815,3.936394974110751,0.13917464437270602,0.13917464437270602,2.1837811240463796,10.795101748181272,0.06213647929145424,0.15890680083087969,0.0
104,0.9301235008098174,4.011676073136638,0.13871896364237576,0.13871896364237576,2.248727544685225,10.958948192198335,0.07316923001802209,0.1610102122963817,0.0
105,0.9897204636581929,4.089105851924184,0.13827211668600628,0.13827211668600628,2.3189030310348664,11.124222114683244,0.07249371151607087,0.16223225202609254,0.0
106,1.0222761495620005,4.152424938912586,0.13783389111130526,0.13783389111130526,2.3887955415426303,11.28736709606968,0.0678502979275329,0.1568923449423403,0.0
107,1.0458925600077988,4.205082123193272,0.13740408121877118,0.13740408121877118,2.4521321377115237,11.4339349660255,0.06528764660834521,0.13786957425303079,0.0
108,1.0588693001055831,4.273421698194438,0.1369824877290786,0.1369824877290786,2.522764288830246,11.568631448864362,0.07666749736410511,0.12987872502974848,0.0
109,1.074583676921754,4.34815611290572,0.13656891752409342,0.13656891752409342,2.5863734012712554,11.690786320909897,0.057285313874684635,0.11361668877253993,0.0
110,1.106173560699896,4.427175938047859,0.1361631834007187,0.1361631834007187,2.644196944923949,11.810884153650331,0.06182089017447215,0.12700937927447056,0.0
111,1.1091061837131857,4.525991182937111,0.13576510383682314,0.13576510383682314,2.7084667151483326,11.93492742405645,0.065531689480883,0.12210765804596736,0.0
112,1.1323349178510493,4.618294567404705,0.13537450276855595,0.13537450276855595,2.7813444786632218,12.062990559924696,0.06820925748016149,0.1359115857056066,0.0
113,1.1262611318913962,4.686044213832069,0.13499120937839656,0.13499120937839656,2.84949443219553,12.194925988525549,0.06586772058675279,0.13410939598418076,0.0
114,1.1454598469089403,4.761244172546266,0.13461505789333086,0.13461505789333086,2.9147156593233494,12.329886107009415,0.064553767491435,0.13216825749267933,0.0
115,1.1398682666912405,4.86929280348562,0.13424588739258472,0.13424588739258472,2.983326243654787,12.466812900927824,0.07412501623453982,0.13987335865225284,0.0
116,1.1847239648154333,4.93221673574524,0.13388354162438226,0.13388354162438226,3.058051208619205,12.609544855292253,0.06739050816563104,0.14134111460825666,0.0
117,1.2319397972877544,4.991536293079454,0.13352786883123047,0.13352786883123047,3.125492513303616,12.75877799533393,0.06727427920442385,0.14904759082907038,0.0
118,1.2678458826795322,5.091870256089661,0.13317872158326255,0.13317872158326255,3.1898614934550418,12.907383537339129,0.06886064678342947,0.14625199788529836,0.0
119,1.2854541047588324,5.197194552203392,0.1328359566192029,0.1328359566192029,3.2544936591811027,13.056081922575846,0.061351787238763084,0.14791146676779648,0.0
120,1.3037393460172801,5.28357868951191,0.13249943469454242,0.13249943469454242,3.309521705743282,13.19826975972803,0.05436339470383136,0.14164971883326302,0.0
121,1.3136835013663444,5.378075202460375,0.13216902043653928,0.13216902043653928,3.3644300767021322,13.347081490030536,0.05214290400895053,0.15337763939599425,0.0
122,1.335318372936297,5.476910384532083,0.13184458220568304,0.13184458220568304,3.412289803398372,13.496263875887609,0.04781081019398068,0.14877420660304472,0.0
123,1.3565415596764034,5.543448159431847,0.13152599196328266,0.13152599196328266,3.4570571868170674,13.642105948131272,0.046180062959058854,0.1414757089990099,0.0
124,1.3687133894903545,5.639437877447366,0.13121312514485878,0.13121312514485878,3.499638622851643,13.780280891315561,0.04478889309381681,0.13548390766092835,0.0
125,1.4159894940456321,5.734991035439429,0.13090586053903988,0.13090586053903988,3.5360278273514116,13.920203488764873,0.019092903828313287,0.14396303783491435,0.0
126,1.4532970916721426,5.819133266841946,0.13060408017168013,0.13060408017168013,3.5486683170290902,14.066931018107368,0.004236255952520836,0.14691926800344426,0.0
127,1.4695088676348638,5.880910448216251,0.13030766919493264,0.13030766919493264,3.5386499667100586,14.213223460509024,-0.020475740348372504,0.14881254646733794,0.0
128,1.4917864384460526,5.9575924488780725,0.130016515781028,0.130016515781028,3.5342180760285182,14.375887295491129,0.0008065278691156974,0.1681486496909938,0.0
129,1.5169707445154998,6.0548728976124915,0.12973051102052177,0.12973051102052177,3.5390670575069705,14.537372761146461,5.5691291372713466e-05,0.1548852472410745,0.0
130,1.535288566384626,6.131932718746366,0.12944954882478912,0.12944954882478912,3.531600385604735,14.681781202670667,-0.015425560921454959,0.13598572253302338,0.0
131,1.5654465901790016,6.1881071855445695,0.1291735258325563,0.1291735258325563,3.5189043488156377,14.82093343016804,-0.014722168484190558,0.1437005102195533,0.0
132,1.58104453955334,6.268399004250735,0.12890234132027154,0.12890234132027154,3.4966309346469373,14.95685439636327,-0.02507487078209244,0.13619993981242617,0.0
133,1.577192506927855,6.354750221237727,0.12863589711612844,0.12863589711612844,3.486914230495509,15.090929663367298,-0.005187405558390708,0.13750323480418242,0.0
134,1.61949138590418,6.425966694923216,0.12837409751756548,0.12837409751756548,3.487705421153272,15.227094716583949,0.00357398138392071,0.13507754433373673,0.0
135,1.6418067715521634,6.519459508247258,0.12811684921207536,0.12811684921207536,3.493015325170279,15.36145993266139,-0.0009565044870516815,0.1359374568550687,0.0
136,1.6479617437386411,6.592128382215938,0.12786406120116628,0.12786406120116628,3.495071326013522,15.492509196227234,0.008025154492069895,0.12850540074553563,0.0
137,1.6729779827658826,6.692590672555566,0.12761564472732687,0.12761564472732687,3.522046305006078,15.619546734201267,0.033873558949939445,0.13023949148841998,0.0
138,1.7150780361792746,6.78176840468424,0.1273715132038534,0.1273715132038534,3.5468591912713405,15.759942348970734,0.018698031013730656,0.1441185047700272,0.0
139,1.7439701314141782,6.887365144623812,0.12713158214740675,0.12713158214740675,3.569369010137678,15.90578867209263,0.01937691562442896,0.14905399272694753,0.0
140,1.7808660288977798,6.9815685387595865,0.1268957691131722,0.1268957691131722,3.5887587110643357,16.056395899868708,0.016573444288741607,0.14708868803257277,0.0
141,1.7971275438535814,7.065010983992134,0.12666399363250366,0.12666399363250366,3.609028941368453,16.199524866330272,0.01833138843559233,0.14230320102158237,0.0
142,1.8222821401624227,7.158364634714962,0.12643617715293795,0.12643617715293795,3.629974282698908,16.351103880432742,0.022094351263765015,0.160548356315063,0.0
143,1.8398365106485097,7.240434755516079,0.12621224298047323,0.12621224298047323,3.6491444733811207,16.51076586613183,0.015684417754285744,0.15475233906515187,0.0
144,1.8704847772579845,7.327493264476248,0.12599211622400902,0.12599211622400902,3.6646008054498336,16.664799885811252,0.017241315176005505,0.14916688171669779,0.0
145,1.8868542571794917,7.439445961684631,0.12577572374185172,0.12577572374185172,3.6857494581069186,16.81121603400516,0.02234252272350816,0.14729713821707152,0.0
146,1.9203712628643306,7.525613101856057,0.12556299409019409,0.12556299409019409,3.7130428312977664,16.973579599960644,0.031145442948332665,0.1706556321507107,0.0
147,1.9480636872856905,7.638852414765847,0.12535385747348213,0.12535385747348213,3.7555301216934738,17.150626053447144,0.048422116306494144,0.19009012731473776,0.0
148,1.9437430229611723,7.724437437537671,0.12514824569658653,0.12514824569658653,3.799033327681648,17.343951954912658,0.03586332365915529,0.19489828318357738,0.0
149,1.959727552099977,7.810577753853745,0.12494609211870071,0.12494609211870071,3.831725095395148,17.538288085119305,0.0375388467902464,0.18646261124496644,0.0
150,1.9538157022187947,7.891538955255761,0.12474733160889102,0.12474733160889102,3.873627975656249,17.73573249458439,0.05016031208890234,0.1980259159158742,0.0
151,1.9694306293167512,7.978659253115043,0.12455190050322829,0.12455190050322829,3.9135505269453827,17.93091690587476,0.034758237347045785,0.19439339094470826,0.0
152,1.9799844885800875,8.060797731611435,0.12435973656343352,0.12435973656343352,3.9456761330953434,18.12580767132188,0.03205672343070055,0.19659495552579015,0.0
153,1.9962649801719743,8.143438332526207,0.12417077893697413,0.12417077893697413,3.9804780744088095,18.319990348342127,0.033091567772001444,0.1987271309489352,0.0
154,2.008756215376683,8.23802238178719,0.1239849681185493,0.1239849681185493,4.00888814671429,18.51240270080255,0.019730224219849223,0.1917826801528619,0.0
155,2.0111555483005614,8.332708241744937,0.12380224591290714,0.12380224591290714,4.031683106031389,18.70000991277412,0.026599572280193978,0.17322961917571705,0.0
156,2.027028799006818,8.416610779849393,0.12362255539893836,0.12362255539893836,4.065754774316667,18.87092048963242,0.03790758046303492,0.17048212335280585,0.0
157,2.0390658209476156,8.493701120657063,0.12344584089499377,0.12344584089499377,4.100548087885021,19.053393276884606,0.03716423934280352,0.19013742859238777,0.0
158,2.060217675497925,8.585240893129408,0.12327204792537597,0.12327204792537597,4.135856796674219,19.235826037269074,0.039333866968049275,0.18331427365885417,0.0
159,2.086969170018562,8.669307964559215,0.12310112318795724,0.12310112318795724,4.178509300847982,19.417760487806397,0.042664323131366075,0.17667955438812485,0.0
160,2.1214593084378564,8.77244114158146,0.12293301452287861,0.12293301452287861,4.217209340510024,19.59875816607407,0.04059427228568529,0.182495762362092,0.0
161,2.151759345127927,8.870648247995458,0.12276767088228654,0.12276767088228654,4.2571880726998375,19.781266410599553,0.04742476832020872,0.18148582766003116,0.0
162,2.1642199503641897,8.964877824997387,0.12260504230106585,0.12260504230106585,4.3071997469452095,19.959066541245875,0.05165028251504111,0.16857009217492816,0.0
163,2.1985702276726813,9.063436098353273,0.12244507986852989,0.12244507986852989,4.354483000877567,20.118323856443105,0.047935834314425094,0.15661307298821428,0.0
164,2.2111195093240394,9.15946165948223,0.1222877357010299,0.1222877357010299,4.397151444544519,20.27060658780438,0.04451963716931039,0.14677991952477581,0.0
165,2.231854653260258,9.269652765664219,0.12213296291544809,0.12213296291544809,4.445490600326709,20.413363641471136,0.050590346852179655,0.14011675879694815,0.0
166,2.260629178003421,9.394351006873583,0.12198071560353976,0.12198071560353976,4.499135807262904,20.552068399549633,0.05460531932950705,0.1387855170191777,0.0
167,2.2866531313359477,9.495680547718091,0.12183094880709208,0.12183094880709208,4.556004978511542,20.699956336535287,0.06859593411271984,0.15311178172477719,0.0
168,2.2982193491752243,9.603388841803085,0.12168361849386808,0.12168361849386808,4.6304371836957685,20.848291770447545,0.0831470178266488,0.1483943350703536,0.0
169,2.291574456648619,9.709283020127296,0.12153868153430596,0.12153868153430596,4.712001818612002,20.992598928047677,0.08082040893566651,0.14299677183796167,0.0
170,2.3134213821839555,9.793371969599937,0.1213960956789453,0.1213960956789453,4.804053717506165,21.136602219152717,0.09316741393198207,0.14123149137135163,0.0
171,2.3335441024508876,9.898625903827728,0.12125581953655257,0.12125581953655257,4.898832453805994,21.27616015933099,0.10459179814792038,0.13644436628767903,0.0
172,2.3628661277860235,10.00810245632662,0.12111781255292019,0.12111781255292019,4.999245233434457,21.411828235568493,0.0980448028717841,0.13902730519147116,0.0
173,2.386148098874594,10.100016547830704,0.1209820349903138,0.1209820349903138,5.097512777850827,21.55210558937858,0.10005005140355934,0.14622155090005345,0.0
174,2.427765207844386,10.208759098705622,0.12084844790754404,0.12084844790754404,5.192503770981667,21.702761765219783,0.0942426713464293,0.15790096146019225,0.0
175,2.444666999159019,10.29937722874825,0.12071701314063978,0.12071701314063978,5.287431407661146,21.859312907991253,0.08494983280906915,0.15657962041946596,0.0
176,2.4685921922149805,10.391866735736766,0.12058769328410111,0.12058769328410111,5.372700554322991,22.022734490034246,0.0928847012952083,0.16902100971567277,0.0
177,2.476370476231596,10.50238792862447,0.12046045167271087,0.12046045167271087,5.4661339761468914,22.201554111604487,0.09311647165165841,0.1847987944691526,0.0
178,2.5017109605723626,10.59530651827373,0.12033525236388469,0.12033525236388469,5.554659349845094,22.386670463462426,0.09124857096513819,0.18492056960626005,0.0
179,2.527869895699772,10.711179235694983,0.12021206012054031,0.12021206012054031,5.6533990688289615,22.57607276389067,0.10911628448605368,0.1981461770494793,0.0
180,2.547316407210328,10.80434849502237,0.12009084039446767,0.12009084039446767,5.765563231259584,22.770727036375558,0.11118448460874354,0.18281916074036555,0.0
181,2.573774138670829,10.90839258813842,0.11997155931018216,0.11997155931018216,5.87121291029896,22.94589092572371,0.1059377087881283,0.1680844371042874,0.0
182,2.5914467269429315,11.004116256771455,0.11985418364924386,0.11985418364924386,5.965615660770682,23.110685330799374,0.08876093037184776,0.16741318510891448,0.0
183,2.6159558360043085,11.09384710333961,0.1197386808350266,0.1197386808350266,6.052246759471433,23.279509677584624,0.09023806611983992,0.17195197950134264,0.0
184,2.655052952996839,11.214760752469083,0.1196250189179215,0.1196250189179215,6.155967382828489,23.45360809177688,0.11929359966146968,0.17803982262085144,0.0
185,2.6857025993921466,11.317510546244081,0.11951316656095935,0.11951316656095935,6.27830303350969,23.62779020298265,0.1283499336586345,0.16803915973996764,0.0
186,2.714569806680505,11.424829880081127,0.11940309302583815,0.11940309302583815,6.412844613060623,23.794668287583402,0.13337805760742702,0.16408802190701727,0.0
187,2.753604053970525,11.52252777845357,0.11929476815934152,0.11929476815934152,6.554798625440674,23.959119673381974,0.153037740756286,0.16379352298205463,0.0
188,2.782176220754042,11.644215303234992,0.11918816238013505,0.11918816238013505,6.711774615018094,24.13145769958565,0.15518502563380368,0.1842430484702535,0.0
189,2.8078347981799174,11.73920903234715,0.11908324666592754,0.11908324666592754,6.870688420136475,24.311935526209304,0.15384094516906496,0.1764016009611248,0.0
190,2.848742072875418,11.857404871826853,0.11897999254098517,0.11897999254098517,7.0232014856886025,24.486475184684725,0.1515433753968275,0.17178457322758545,0.0
191,2.891205873080864,11.96574553195074,0.11887837206398676,0.11887837206398676,7.179045166748121,24.659174352231066,0.1656572200370741,0.17337554796917767,0.0
192,2.9337155104419996,12.065729333171031,0.11877835781620877,0.11877835781620877,7.3368115305080694,24.836582062109485,0.15335094136506117,0.1818808605591346,0.0
193,2.977504620939442,12.175759599099175,0.11867992289002924,0.11867992289002924,7.491858982361712,25.01852297356748,0.1538810592291552,0.18964845245264364,0.0
194,2.9980704516779637,12.27506066962662,0.11858304087774027,0.11858304087774027,7.644231716509412,25.202339025519375,0.1464712509145658,0.1712991058049232,0.0
195,3.033606889000671,12.398403308754382,0.11848768586065883,0.11848768586065883,7.7923418339838975,25.375690412233745,0.14712376899696053,0.1728727003096047,0.0
196,3.078646802010052,12.504995161225933,0.11839383239852655,0.11839383239852655,7.945269461396793,25.546905741015216,0.15176015615514543,0.1757744414907422,0.0
197,3.1160699741170705,12.61227066954045,0.11830145551918891,0.11830145551918891,8.10202574609997,25.722769289257826,0.15647372237420215,0.17496155278193137,0.0
198,3.160812006577361,12.717715519702876,0.11821053070854498,0.11821053070854498,8.255725253543435,25.896822878443672,0.1591219025119918,0.17321483384295805,0.0
199,3.205553277230642,12.844899312667671,0.11812103390075927,0.11812103390075927,8.415203231206789,26.07001769173235,0.15979554958910427,0.1717100866892084,0.0
200,3.2592911242951392,12.966713182894347,0.1180329414687271,0.1180329414687271,8.586188488894464,26.24488454200221,0.17112624619696387,0.17769258682368053,0.0
201,3.2975425482766583,13.07462491856418,0.11794623021478587,0.11794623021478587,8.760828702374866,26.409246752601348,0.17942148405813607,0.15860770786765402,0.0
202,3.341715938731874,13.189290398314322,0.11786087736166422,0.11786087736166422,8.939172868313184,26.560256952277474,0.18066955378146252,0.13954942349849023,0.0
203,3.4024315020153506,13.27189725778875,0.11777686054366188,0.11777686054366188,9.111610554147173,26.70375831547002,0.17123290317662943,0.13701744550783607,0.0
204,3.4643553708681334,13.38244598232013,0.11769415779805312,0.11769415779805312,9.28541312381123,26.82500362550256,0.16565236368813627,0.1086925825550297,0.0
205,3.5133190635885825,13.494416209024164,0.11761274755670671,0.11761274755670671,9.456735215553111,26.936870004049247,0.17246305612033622,0.11023541452281137,0.0
206,3.566164094894603,13.611950210977298,0.11753260863791604,0.11753260863791604,9.625190763832922,27.0398420107717,0.1632967647322071,0.09458519465482415,0.0
207,3.605021405321216,13.71777420786392,0.11745372023843278,0.11745372023843278,9.785464962467119,27.132349139282667,0.16011059474614867,0.09367330403455504,0.0
208,3.645234645808454,13.813154367028746,0.11737606192569819,0.11737606192569819,9.931958688164917,27.227885228261066,0.1399135195042811,0.08888861220406628,0.0
209,3.7052629158233072,13.90945405932512,0.11729961363026575,0.11729961363026575,10.073102399926771,27.317186271551662,0.146668663794609,0.08531151157163296,0.0
210,3.753056863881624,14.02210223000856,0.11722435563840992,0.11722435563840992,10.22305337170645,27.402061865547683,0.15221125094213542,0.0885191178720803,0.0
211,3.8172830866589735,14.134832610245805,0.11715026858491501,0.11715026858491501,10.38025356587094,27.497809914438157,0.1692323242520632,0.10456807966192522,0.0
212,3.8775203675468286,14.23461244951924,0.11707733344603907,0.11707733344603907,10.550520213276833,27.61127551186285,0.1629114845084642,0.1210042961650172,0.0
213,3.938380557424845,14.351969437850732,0.11700553153264784,0.11700553153264784,10.713886971217217,27.72384240854604,0.16603789187281023,0.10834945255586115,0.0
214,4.014418890502062,14.458588457226176,0.11693484448351323,0.11693484448351323,10.885553158661226,27.83828780703589,0.1772655063351543,0.10815998256811979,0.0
215,4.053581727838837,14.56607585073218,0.11686525425877223,0.11686525425877223,11.05283791553478,27.944631242026382,0.1560712344381341,0.10403633232663839,0.0
216,4.114045961857694,14.660279256454162,0.11679674313354113,0.11679674313354113,11.213631616263706,28.040352220579475,0.1675416549779419,0.0889965178574072,0.0
217,4.186246435693959,14.756832966456908,0.11672929369168068,0.11672929369168068,11.387458854971818,28.129310293146954,0.1818692315511548,0.08038895528987965,0.0
218,4.240914657788138,14.879433334134513,0.11666288881970814,0.11666288881970814,11.579671207054263,28.214511590776173,0.19727236724297492,0.08274468944985705,0.0
219,4.301728839897734,14.976146717687273,0.11659751170085167,0.11659751170085167,11.767303806594718,28.30039073491584,0.18462960966043407,0.08417964968395789,0.0
220,4.36264683402512,15.075938891896069,0.11653314580924322,0.11653314580924322,11.955151880044175,28.386521625439432,0.18149625105433617,0.0875677766517325,0.0
221,4.438469494916033,15.190255191003006,0.11646977490424607,0.11646977490424607,12.141642537807094,28.482133223403046,0.1922997089283359,0.10327788721235495,0.0
222,4.507030098815202,15.303497348429099,0.11640738302491321,0.11640738302491321,12.334276255693144,28.581475590481766,0.1876203606512706,0.0858038443301268,0.0
223,4.579959275362433,15.418741240692734,0.11634595448457284,0.11634595448457284,12.51372137523629,28.673574320593843,0.17308053682847008,0.10245848781434698,0.0
224,4.624237883443511,15.519684277987468,0.11628547386553746,0.11628547386553746,12.684552368365352,28.778430905899135,0.16567439639616313,0.10726408645471792,0.0
225,4.69133970689843,15.6246670940101,0.11622592601393344,0.11622592601393344,12.853041446897333,28.88053004963756,0.17237882088664397,0.09295399947904824,0.0
226,4.7559856078631615,15.72076146812984,0.11616729603464733,0.11616729603464733,13.030528176645259,28.97473265918683,0.1753789887642709,0.09592648854730351,0.0
227,4.817321402957967,15.811695903647209,0.11610956928638602,0.11610956928638602,13.217304332039685,29.070774988668266,0.19461995007227664,0.09766134702802617,0.0
228,4.897424760687373,15.926010021658572,0.1160527313768477,0.1160527313768477,13.404722356064427,29.169136100078855,0.1913478948734391,0.093951507150722,0.0
229,4.984153754248308,16.033929137100635,0.11599676815800036,0.11599676815800036,13.602474111205286,29.257603674463525,0.1973579133646781,0.08985186858648891,0.0
230,5.042956073757334,16.14002157210314,0.11594166572146518,0.11594166572146518,13.80611419596078,29.3407014061675,0.21078937388946126,0.0771240327890932,0.0
231,5.115688442665559,16.238248863775212,0.115887410394002,0.115887410394002,14.010783082716609,29.423070878127124,0.2018069207055558,0.08592864496138611,0.0
232,5.196472296272001,16.342592644890257,0.11583398873309395,0.11583398873309395,14.218652532457881,29.513888251469883,0.21217974668992504,0.09278022923371157,0.0
233,5.24642839184421,16.4563476581973,0.115781387522629,0.115781387522629,14.438211970540419,29.61954395259781,0.22479943520121384,0.11596439449844148,0.0
234,5.3253452858259065,16.57117493345541,0.11572959376867542,0.11572959376867542,14.657729863498746,29.734979246948452,0.221361294485642,0.11874435384410825,0.0
235,5.405741185571237,16.67738979701246,0.11567859469534916,0.11567859469534916,14.874228053077307,29.857514930061807,0.21185624751778576,0.12694723055447468,0.0
236,5.480461746049055,16.795580969326743,0.11562837774077027,0.11562837774077027,15.081822886998179,29.988294987884373,0.20360392449292586,0.127481947354793,0.0
237,5.563210199409191,16.900608469690432,0.11557893055310657,0.11557893055310657,15.28547916983655,30.11124795004594,0.19936587100162978,0.12562136495608323,0.0
238,5.640093020771054,17.02245497910685,0.11553024098670196,0.11553024098670196,15.481142924218116,30.238720423931124,0.19310910480340496,0.1235587506844455,0.0
239,5.716039580105204,17.12750691647302,0.1154822970982873,0.1154822970982873,15.674582158784366,30.369229141052386,0.2035964741235424,0.13472232853403335,0.0
240,5.805615611499927,17.226692950460407,0.11543508714327183,0.11543508714327183,15.890230319770824,30.50024556309929,0.22146476429524448,0.1288415746783919,0.0
241,5.903654288250035,17.335410657557752,0.11538859957211292,0.11538859957211292,16.104573551792093,30.63210432701099,0.20201088486994123,0.13269518323095425,0.0
242,5.998625523326463,17.440889013829075,0.11534282302676242,0.11534282302676242,16.302244332360516,30.764960500884957,0.19771662446084254,0.13813803125491408,0.0
243,6.073664285939718,17.546046645262827,0.1152977463371875,0.1152977463371875,16.50842652189896,30.90938838376988,0.2164505789219237,0.14230051373320043,0.0
244,6.1429534396056145,17.641482237858224,0.11525335851796407,0.11525335851796407,16.73110274335502,31.052743224089856,0.22752306000943218,0.14769489591478688,0.0
245,6.22362374901845,17.72537645036353,0.11520964876494123,0.11520964876494123,16.958468445072963,31.19957302135664,0.22569278535574336,0.14405531625742854,0.0
246,6.311517995324591,17.818128401053283,0.11516660645197468,0.11516660645197468,17.181221492768067,31.344107130834786,0.22364563274144672,0.13941696073056462,0.0
247,6.395035750712494,17.93361224434002,0.11512422112772773,0.11512422112772773,17.41129573739191,31.47570857028501,0.2345336750873738,0.12866388106971322,0.0
248,6.475064717847423,18.033790608338556,0.11508248251253785,0.11508248251253785,17.63723932797005,31.60514555498752,0.2278150380437835,0.12862072311051811,0.0
249,6.539899697537053,18.151156828890507,0.11504138049534753,0.11504138049534753,17.860065113244797,31.74000549992566,0.21932519566678185,0.1432872003199804,0.0
250,6.630627464929915,18.25509958814591,0.11500090513069776,0.11500090513069776,18.079510597715394,31.889997599574386,0.216178055005269,0.15379559143988478,0.0
251,6.705008114640632,18.373567027260833,0.11496104663578247,0.11496104663578247,18.304337532733232,32.04212300077973,0.23237904283016264,0.15009023155419118,0.0
252,6.792813570330795,18.500099371322474,0.11492179538756266,0.11492179538756266,18.53063217301539,32.18743594946385,0.22913461723193768,0.1529666632845045,0.0
253,6.890361800631861,18.615776221117816,0.1148831419199388,0.1148831419199388,18.752025378649503,32.337838209502884,0.22095499165177548,0.14340995989012045,0.0
254,6.976710142339871,18.719756939082963,0.11484507692097988,0.11484507692097988,18.987618234842337,32.47047478333918,0.2468970898429897,0.12756657562901777,0.0
255,7.06232723703571,18.822152456965824,0.11480759123020803,0.11480759123020803,19.233687560015607,32.60456010533782,0.24911401129602256,0.1364386243117703,0.0
256,7.13728630441978,18.936060794914976,0.1147706758359373,0.1147706758359373,19.476677568378406,32.74061729231914,0.23823317140033629,0.14036519105161566,0.0
257,7.232022291436478,19.051877172795574,0.11473432187266518,0.11473432187266518,19.71228499512106,32.881381499558756,0.22833679561963913,0.14082752525252698,0.0
258,7.345994098324238,19.14970887567789,0.11469852061851599,0.11469852061851599,19.941700488549515,33.02308047430413,0.22775675171444615,0.1443074122592848,0.0
259,7.460495694684175,19.25825560339469,0.1146632634927345,0.1146632634927345,20.17316336636295,33.17353602673864,0.23021234428597862,0.1541682493220649,0.0
260,7.553153100346859,19.374795192581534,0.1146285420532289,0.1146285420532289,20.401840665307724,33.333491327220834,0.22256480040944515,0.16218655029484266,0.0
261,7.652797387421574,19.47162177926353,0.11459434799416199,0.11459434799416199,20.631964829795887,33.49905738397138,0.2347595612102529,0.17265471460434847,0.0
262,7.75418590221725,19.597171118797196,0.11456067314358923,0.11456067314358923,20.857541558073326,33.664236144955474,0.2106176902655372,0.15687160154465873,0.0
263,7.861658475927648,19.70794019217583,0.11452750946114286,0.11452750946114286,21.062275633026193,33.81894094045098,0.19661816098480972,0.15040507834134756,0.0
264,7.959159631676746,19.81413204451346,0.11449484903576096,0.11449484903576096,21.256999844619987,33.97127214079699,0.19493869696359684,0.15050494944501447,0.0
265,8.066190184445823,19.91855968196214,0.1144626840834602,0.1144626840834602,21.46607316238141,34.12038610350569,0.2160539681096641,0.14977712864286735,0.0
266,8.180571445921691,20.042639315545124,0.11443100694515179,0.11443100694515179,21.682255565262576,34.26495724204063,0.2124207499385704,0.13763753618574823,0.0
267,8.300232568324734,20.148991136821603,0.11439981008449908,0.11439981008449908,21.89244503382124,34.4078107935666,0.2141273964865228,0.14171517756890334,0.0
268,8.40856216459765,20.267330585130093,0.11436908608581633,0.11436908608581633,22.106975562287708,34.548082566005384,0.21806975506373288,0.13894725602097904,0.0
269,8.525529865773713,20.36526877634335,0.11433882765200752,0.11433882765200752,22.32176279395301,34.6896467535902,0.2115453619239078,0.14681774557516358,0.0
270,8.633827628055466,20.483468435533887,0.11430902760254434,0.11430902760254434,22.542480014573773,34.83089207779159,0.22708799488809334,0.12994283211878732,0.0
271,8.742929024235163,20.598359670623513,0.11427967887148249,0.11427967887148249,22.755607552268582,34.95540565465426,0.2014760796704328,0.11213908768440951,0.0
272,8.850430667797392,20.711572763589235,0.11425077450551555,0.11425077450551555,22.96069922267009,35.06457053332638,0.20032122132325617,0.10136586251060385,0.0
273,8.958072615083537,20.834516689862074,0.11422230766206537,0.11422230766206537,23.165679498395786,35.16331808646671,0.2046771629535417,0.09263638799525803,0.0
274,9.06401694117582,20.940297071818787,0.11419427160740851,0.11419427160740851,23.36837320953856,35.25443960725334,0.20240944177832623,0.08794936423338445,0.0
275,9.193172885419928,21.0609110585243,0.1141666597148376,0.1141666597148376,23.572508103619583,35.35379962813343,0.19966881390408145,0.10500004684220655,0.0
276,9.313967734311966,21.179471179916362,0.11413946546285708,0.11413946546285708,23.769704091427347,35.453860636664814,0.19725998488147944,0.09837064437231073,0.0
277,9.398795034802939,21.30130757857212,0.11411268243341262,0.11411268243341262,23.975808129235126,35.548054922756876,0.2147026148306026,0.09641548905556599,0.0
278,9.51191725946621,21.414490402302395,0.11408630431015322,0.11408630431015322,24.193428162731223,35.64134885600839,0.21308195645842984,0.08701735432446932,0.0
279,9.626951126293502,21.531003295780085,0.11406032487672564,0.11406032487672564,24.40517039980717,35.72681619832759,0.21630507875423116,0.08261796209200534,0.0
280,9.732321265391157,21.651986518219694,0.11403473801510022,0.11403473801510022,24.61911009751519,35.79707513868141,0.21765058459064496,0.055634477700090654,0.0
281,9.839359594839818,21.757693868866493,0.11400953770392755,0.11400953770392755,24.841030784561426,35.848733130551715,0.23096284717408058,0.04382282767739017,0.0
282,9.976310225123914,21.859200161444193,0.11398471801692527,0.11398471801692527,25.078452368052538,35.89133081995488,0.24383992100917234,0.05469147838429418,0.0
283,10.089605630470942,21.97258310411926,0.11396027312129438,0.11396027312129438,25.31792256350783,35.949682933636424,0.23628846488839478,0.061499448207158205,0.0
284,10.200151106146508,22.083604238127233,0.11393619727616455,0.11393619727616455,25.54000303237211,36.003761275283516,0.22066502684423997,0.04869360377265109,0.0
285,10.317089184828905,22.183060513720072,0.11391248483106761,0.11391248483106761,25.762785499533866,36.046622982303504,0.2193328105426324,0.03797950662978166,0.0
286,10.44278217426624,22.280581785913267,0.11388913022443879,0.11388913022443879,25.987392415143198,36.08840458092856,0.22009146534749074,0.03967763223179267,0.0
287,10.558049160238363,22.37912831997935,0.11386612798214518,0.11386612798214518,26.213313764118695,36.121275299247976,0.2360083245032764,0.02809323247007449,0.0
288,10.677363473651555,22.488938044988682,0.11384347271604063,0.11384347271604063,26.448630833206426,36.14411307638598,0.2322882951551962,0.021850610868144014,0.0
289,10.805768483663686,22.586057228106284,0.11382115912254682,0.11382115912254682,26.68166242466517,36.1629743175766,0.23413807348755475,0.01746653065027514,0.0
290,10.934033097199547,22.688021542123483,0.1137991819812597,0.1137991819812597,26.912448737061027,36.181809441656895,0.2306759956074307,0.016396670752922393,0.0
291,11.047849938406255,22.7990143722093,0.11377753615358101,0.11377753615358101,27.143943091301125,36.204799942981516,0.23620161229722186,0.022882198418513185,0.0
292,11.180109829916079,22.893133285516527,0.11375621658137419,0.11375621658137419,27.37850879887867,36.23066928989469,0.23490010752500046,0.017430527184886697,0.0
293,11.309729228092756,23.003913998845704,0.11373521828564434,0.11373521828564434,27.619241105256947,36.25013514913645,0.24423692425920418,0.032901471224922534,0.0
294,11.443259370939737,23.103187095441665,0.11371453636524154,0.11371453636524154,27.855268214320077,36.28062943960837,0.2364138681090008,0.026453537642804874,0.0
295,11.558614083205107,23.196354130786634,0.11369416599558739,0.11369416599558739,28.086744205396975,36.299128416177254,0.23579113420908054,0.01942703218416944,0.0
296,11.700284821155837,23.30264152707993,0.11367410242742387,0.11367410242742387,28.32250995265128,36.315949698220074,0.2417759903924794,0.0176385743735738,0.0
297,11.830039464278268,23.408140978178285,0.11365434098558445,0.11365434098558445,28.569969452962166,36.338495983913475,0.2529092910943554,0.01740048272164825,0.0
298,11.948706513241191,23.517961256671775,0.1136348770677869,0.1136348770677869,28.818862986883136,36.35112899389327,0.24753787154357038,0.0019277985672402562,0.0
299,12.07986334424237,23.615515376319554,0.11361570614344711,0.11361570614344711,29.05914868175764,36.35380969147838,0.22923144055796824,0.003105808540227739,0.0
300,12.215293199657514,23.721584712389205,0.11359682375251397,0.11359682375251397,29.294360847215263,36.35988966679024,0.24189493918597285,0.013697470089239026,0.0
301,12.359826679744627,23.820243196487418,0.11357822550432452,0.11357822550432452,29.541115851189602,36.36847486804939,0.25050599031129395,0.011914886932508372,0.0
302,12.493304993235611,23.924678310352274,0.11355990707647907,0.11355990707647907,29.78606902109177,36.37665784901413,0.23932066128621643,0.0027570090896814944,0.0
303,12.640411503217589,24.01005785760445,0.11354186421373612,0.11354186421373612,30.02200764391233,36.38912821113286,0.2395265820914965,0.015883205724882846,0.0
304,12.782409928507935,24.081011180225946,0.11352409272692619,0.11352409272692619,30.261347819063005,36.403894461253586,0.23850211747823216,0.019720307728724365,0.0
305,12.929344986470449,24.169419380519848,0.11350658849188482,0.11350658849188482,30.493814814125027,36.42109572586794,0.22845890721691225,0.010923344752343567,0.0
306,13.056030526765591,24.266199182211423,0.1134893474484038,0.1134893474484038,30.71617755474091,36.4365772421634,0.2213397145246869,0.012461664246901694,0.0
307,13.20453056589668,24.35067750744948,0.11347236559920072,0.11347236559920072,30.930197175585214,36.43798536353888,0.21293677392688498,0.0039238452741833536,0.0
308,13.349554124226604,24.45709656682312,0.11345563900890615,0.11345563900890615,31.140509027600277,36.437864596826955,0.20195056527420538,-0.0006974830781510217,0.0
309,13.474452274210215,24.540508145804356,0.11343916380306836,0.11343916380306836,31.337398146880762,36.433315396933374,0.19057325786446508,-0.011466610267128263,0.0
310,13.606479875324835,24.621723029881124,0.11342293616717507,0.11342293616717507,31.529256824696336,36.428158042893834,0.19069946113237202,0.0008356131649747151,0.0
311,13.755152433034109,24.72750328779309,0.11340695234569201,0.11340695234569201,31.71895665835255,36.42841168840553,0.18992385595232963,-0.0017961449769189142,0.0
312,13.887758322397163,24.808429883379638,0.1133912086411179,0.1133912086411179,31.910871546314898,36.417550529226375,0.19289868188011502,-0.016188674545209173,0.0
313,14.013014584407793,24.896477062144236,0.11337570141305565,0.11337570141305565,32.09921510248856,36.40520627664448,0.18790302047954652,-0.0037288034607819744,0.0
314,14.146257985429413,24.990592950100506,0.11336042707729933,0.11336042707729933,32.284167370076915,36.40666822424905,0.17895049141818645,0.007763376370365827,0.0
315,14.294714290453589,25.075928019639154,0.11334538210493664,0.11334538210493664,32.46065601823149,36.415584528433854,0.1753704406073573,0.0080384304349245,0.0
316,14.437986096519856,25.18866991935208,0.11333056302146667,0.11333056302146667,32.630402456948616,36.426756524884055,0.15549507978495408,0.01306740806111826,0.0
317,14.561615396082342,25.29417834795935,0.11331596640593272,0.11331596640593272,32.78907238291858,36.43822278777987,0.15635255213627094,0.004255291065302912,0.0
318,14.675544984589006,25.381349333323048,0.11330158889006962,0.11330158889006962,32.94481093753654,36.44269015703488,0.15613534752288158,0.003067121871072561,0.0
319,14.824501081842042,25.47618463161183,0.11328742715746554,0.11328742715746554,33.10678067009895,36.43901971899264,0.16221686013004902,-0.011078937057364988,0.0
320,14.97606745484715,25.5652935645287,0.11327347794273793,0.11327347794273793,33.26190206155203,36.42413155388177,0.1505432396322473,-0.014684830417986648,0.0
321,15.10842409843743,25.63521440920252,0.11325973803072337,0.11325973803072337,33.401308501731286,36.40422258224124,0.12374148436902294,-0.02599006761985334,0.0
322,15.241253184779419,25.73269305326739,0.11324620425568095,0.11324620425568095,33.52069704996451,36.379161613219814,0.1207756794887001,-0.029476474168898363,0.0
323,15.390205679503678,25.809560030721233,0.11323287350050913,0.11323287350050913,33.64236250929246,36.34534580607871,0.12856229076984943,-0.03519075800543005,0.0
324,15.532709570340563,25.88014079645575,0.11321974269597555,0.11321974269597555,33.763907614111524,36.30094366415044,0.1140610600506497,-0.05738618272762393,0.0
325,15.680718702425695,25.94562273867375,0.11320680881995994,0.11320680881995994,33.87122458762145,36.243782262848036,0.10428990392651842,-0.0576207186727402,0.0
326,15.825600840179154,26.021380717311963,0.11319406889670947,0.11319406889670947,33.96468898132876,36.18949493833902,0.08970576054767057,-0.04515273202496059,0.0
327,15.955686013055466,26.083315785409003,0.11318151999610664,0.11318151999610664,34.05241200354166,36.14152455512917,0.08574781783478223,-0.0508739471040883,0.0
328,16.100699580174577,26.168436264846196,0.11316915923294932,0.11316915923294932,34.145238751918136,36.09618737823472,0.09323149183412173,-0.04127690620840434,0.0
329,16.24190765187809,26.242161444484164,0.11315698376624268,0.11315698376624268,34.23891420455612,36.05672798888325,0.09975777648840994,-0.02868486033972811,0.0
330,16.38613940235489,26.32065698835513,0.11314499079850304,0.11314499079850304,34.3385266039541,36.03098357688431,0.09604508099909659,-0.017923021859990805,0.0
331,16.52267968723556,26.40345286334959,0.11313317757507305,0.11313317757507305,34.44435466004385,36.01360389692142,0.10046358472503551,-0.01529811241436679,0.0
332,16.662681409223783,26.45857832264767,0.11312154138344828,0.11312154138344828,34.54014050413737,35.98716886461339,0.10187374455191706,-0.03184212972686795,0.0
333,16.80736952102454,26.522456735724912,0.11311007955261505,0.11311007955261505,34.64324315905519,35.95850422159573,0.10152372575976214,-0.019073100302470544,0.0
334,16.954473894398323,26.592713702248695,0.11309878945239907,0.11309878945239907,34.736474664485485,35.93934026214288,0.08752197573830045,-0.020548215998265836,0.0
335,17.08290870630631,26.672906926752447,0.11308766849282464,0.11308766849282464,34.82248866955991,35.913983738078336,0.0911674605452352,-0.028683213792788157,0.0
336,17.21448411272886,26.741753438002956,0.1130767141234848,0.1130767141234848,34.91881632487297,35.886382727340646,0.10296609988693718,-0.028657143201399848,0.0
337,17.356125158664298,26.81966789876571,0.1130659238329214,0.1130659238329214,35.01220000310399,35.86241625644341,0.08604928713925732,-0.019451557245928366,0.0
338,17.473298164041083,26.888843264661595,0.11305529514801566,0.11305529514801566,35.101989095903214,35.84374490918331,0.09728588270243434,-0.018899434876300976,0.0
339,17.608707104347268,26.960159668209293,0.11304482563338845,0.11304482563338845,35.210584850655955,35.82906696647146,0.11309495907481126,-0.01864108024046404,0.0
340,17.750832914349765,27.030512712716156,0.11303451289081065,0.11303451289081065,35.318780059990985,35.813611433256,0.0999478523469364,-0.013399903172383237,0.0
341,17.888724557862165,27.101795234336556,0.11302435455862284,0.11302435455862284,35.41620302760694,35.80166455007613,0.0945750026991645,-0.012177896924116647,0.0
342,18.018780501276463,27.167915559098727,0.1130143483111647,0.1130143483111647,35.512665696575326,35.786228960731805,0.09221648258398452,-0.010865145963742237,0.0
343,18.144675685088757,27.2432330260569,0.11300449185821368,0.11300449185821368,35.617314112302815,35.77587565666838,0.11175428421527522,-0.007030725394584512,0.0
344,18.282996068584435,27.325404018621903,0.11299478294443253,0.11299478294443253,35.72041255005986,35.77060938191504,0.09900519640082878,0.0022578081853661417,0.0
345,18.4187833760787,27.38556448781941,0.11298521934882624,0.11298521934882624,35.814495608034576,35.774035169166375,0.08946628733170729,-0.007476301946131861,0.0
346,18.562119088194077,27.433331656379814,0.11297579888420746,0.11297579888420746,35.91009523450056,35.77507807233634,0.10021404477764521,0.001400599346524826,0.0
347,18.69457664340675,27.518394334126437,0.11296651939667067,0.11296651939667067,36.021617055374165,35.77286569655173,0.11649739096680717,-0.001090722284469324,0.0
348,18.83671957487342,27.584344461593364,0.11295737876507501,0.11295737876507501,36.14446288533318,35.781815008417766,0.12555524422464723,0.018949633603839677,0.0
349,18.983746865241375,27.636761933920077,0.11294837490053522,0.11294837490053522,36.2726638681416,35.7982399781226,0.12290631111549365,0.021924896987271188,0.0
350,19.12911284979395,27.69792535777475,0.11293950574592101,0.11293950574592101,36.39207781530157,35.816945917527015,0.11399607025834055,0.020928049478538643,0.0
351,19.255411223866254,27.75224296353874,0.11293076927536443,0.11293076927536443,36.50985265632069,35.83821809972677,0.10886399093376271,0.014052617006088938,0.0
352,19.393531490131178,27.808077184555124,0.11292216349377512,0.11292216349377512,36.62389123724617,35.84195679770947,0.11892406325358995,-0.004413413931008085,0.0
353,19.515284557017615,27.887105978697207,0.11291368643636356,0.11291368643636356,36.747003013822734,35.8366633697298,0.11742867745578894,-0.010031598563332737,0.0
354,19.655258979554617,27.94119630263846,0.11290533616817164,0.11290533616817164,36.853083494565375,35.821084849686805,0.10515573981061149,-0.012008134979561108,0.0
355,19.77288032874744,27.998483888090014,0.11289711078361117,0.11289711078361117,36.954461497272604,35.80170086915763,0.0975744760355787,-0.023059592849944466,0.0
356,19.8987796521763,28.043300499855675,0.1128890084060095,0.1128890084060095,37.050462629942146,35.7809666110101,0.10199193204142872,-0.018124692248755653,0.0
357,20.010312022927803,28.107162322376972,0.11288102718716257,0.11288102718716257,37.15905141197798,35.767461837324035,0.11344097415701743,-0.01034044854351527,0.0
358,20.143948257785596,28.173255949307542,0.112873165306895,0.112873165306895,37.2818151378618,35.7533094313474,0.1270235374980747,-0.016215661863286122,0.0
359,20.285136548272316,28.230049867784647,0.1128654209726274,0.1128654209726274,37.40473484615099,35.7380196661959,0.12667107414796705,-0.013664637105109652,0.0
360,20.41682104846552,28.31201793903546,0.11285779241895035,0.11285779241895035,37.52117789387554,35.71398700740649,0.10853203078426935,-0.02659053223177591,0.0
361,20.56549873319415,28.36882003304548,0.11285027790720539,0.11285027790720539,37.62713195662873,35.69628608838854,0.11157551190045673,-0.005164437051656739,0.0
362,20.664680183674236,28.43630837502779,0.11284287572507258,0.11284287572507258,37.73482013543901,35.69778023062858,0.10844223054188488,0.0038427107788543795,0.0
363,20.796195550280764,28.488496921618516,0.11283558418616463,0.11283558418616463,37.848522887889565,35.7092726658697,0.10812364024333364,0.012862131117309862,0.0
364,20.927184791058227,28.558799850886906,0.11282840162962758,0.11282840162962758,37.95308332060143,35.721449581819286,0.10291113536469058,0.005828464543604738,0.0
365,21.08058891683799,28.615093925294182,0.11282132641974774,0.11282132641974774,38.047990411581786,35.730042003697854,0.09147744345027184,0.018594071932475975,0.0
366,21.201849160272943,28.66842326523235,0.11281435694556478,0.11281435694556478,38.142053417208245,35.75098870492305,0.10168130943041515,0.019569986537408744,0.0
367,21.353705687366933,28.725311518319746,0.11280749162049131,0.11280749162049131,38.24727532229173,35.78399192179926,0.09845518490999518,0.03380232317642848,0.0
368,21.49544206599651,28.783780095732386,0.11280072888193803,0.11280072888193803,38.3512497911805,35.8265706657253,0.10437235447553678,0.04362715086164124,0.0
369,21.624490186164923,28.84279847778551,0.11279406719094516,0.11279406719094516,38.4560188435654,35.86447923894664,0.10309467770469503,0.03518224901201133,0.0
370,21.752946001001963,28.902353612983617,0.11278750503181957,0.11278750503181957,38.56677478682336,35.899328507463345,0.11591323193595382,0.028661713737986434,0.0
371,21.883500819915316,28.958880400202023,0.11278104091177764,0.11278104091177764,38.68033620133305,35.92604422540711,0.10950002713267702,0.025387184004024645,0.0
372,22.007890128747302,29.000837743626835,0.1127746733605938,0.1127746733605938,38.781080341514226,35.95322923710866,0.09556569042236755,0.034244671808316945,0.0
373,22.13685841469904,29.048904719542083,0.1127684009302546,0.1127684009302546,38.88304468809402,35.98621611755557,0.10600320659345695,0.028100187914387287,0.0
374,22.261733798030267,29.0884964553805,0.11276222219461823,0.11276222219461823,38.99218462472438,36.01861228129639,0.10152044723349914,0.03053628512236548,0.0
375,22.387276326731964,29.136802236520282,0.11275613574907943,0.11275613574907943,39.1051358184515,36.06111123715743,0.11674470200979611,0.051820780992927445,0.0
376,22.50862246819541,29.170119412420092,0.11275014021023963,0.11275014021023963,39.21927050568953,36.106704011000474,0.11378858587314152,0.034072119412288784,0.0
377,22.612426695045045,29.212339460450497,0.11274423421558234,0.11274423421558234,39.331558415398746,36.146050660250545,0.10766399152083456,0.0400893028802614,0.0
378,22.753066214545537,29.26385474854128,0.11273841642315358,0.11273841642315358,39.43805341975146,36.187632827304476,0.10578907130614745,0.04032099358064379,0.0
379,22.87020543875479,29.3228495597861,0.11273268551124735,0.11273268551124735,39.54469891637667,36.23340036589281,0.10160352749256953,0.0430703139751405,0.0
380,22.990453329409032,29.37501338626472,0.11272704017809611,0.11272704017809611,39.635969511963275,36.28286626427525,0.08135836428839685,0.06050180270153038,0.0
381,23.105484932281897,29.41303078807458,0.11272147914156595,0.11272147914156595,39.72340241176119,36.33464788346392,0.09113157501240339,0.04187113399110089,0.0
382,23.224190124465146,29.452742094022554,0.11271600113885671,0.11271600113885671,39.81444761298768,36.37033405200896,0.09240853423405447,0.04038942018656164,0.0
383,23.337996564432128,29.506928594080136,0.11271060492620673,0.11271060492620673,39.905460172041096,36.41935516400811,0.09213816096779015,0.055929392697856475,0.0
384,23.4679886205452,29.55552030141758,0.11270528927860211,0.11270528927860211,40.000148618941864,36.4676875051263,0.09130751843205769,0.03931865839831823,0.0
385,23.594255377985533,29.608519563063993,0.11270005298949073,0.11270005298949073,40.090280676778164,36.50512524101187,0.09182750883789186,0.03665216155311005,0.0
386,23.71323223301911,29.66266018999502,0.11269489487050059,0.11269489487050059,40.17786568805825,36.54490310331524,0.0837153385511034,0.03746997663890924,0.0
387,23.833966420512198,29.725006777451767,0.11268981375116252,0.11268981375116252,40.2681090023092,36.583694441242685,0.10062387483528831,0.04075466616317262,0.0
388,23.96243692305913,29.772282850867636,0.11268480847863738,0.11268480847863738,40.368718399726,36.6261170967403,0.0958543330394613,0.04902873103111687,0.0
389,24.085182389621046,29.82805646198932,0.11267987791744735,0.11267987791744735,40.46405612526944,36.67302725215536,0.09946766488889815,0.04745393421439418,0.0
390,24.19059909876114,29.866424621331902,0.11267502094921146,0.11267502094921146,40.56651332259394,36.72338308353723,0.10743059418340098,0.04920327330803306,0.0
391,24.31461384963466,29.926181263387296,0.1126702364723853,0.1126702364723853,40.67488015003852,36.78170921231145,0.10924464237588237,0.06411060768130641,0.0
392,24.449603149388537,29.97176078799259,0.11266552340200468,0.11266552340200468,40.78264444571756,36.84620136143224,0.10152467733435694,0.06103345586996172,0.0
393,24.58615197176279,30.01152770933736,0.11266088066943333,0.11266088066943333,40.88416212452142,36.91699958567359,0.10322923153699631,0.07680759965258484,0.0
394,24.709441587382415,30.065920220463287,0.11265630722211455,0.11265630722211455,40.98655887667618,37.00089637667499,0.10367009587169504,0.0854844549986973,0.0
395,24.840996224374596,30.105904493422575,0.11265180202332663,0.11265180202332663,41.091753927843726,37.089362320182794,0.10819716886250126,0.08620181789975173,0.0
396,24.97979805258001,30.172751553279245,0.11264736405194217,0.11264736405194217,41.19807385426675,37.17750700851366,0.10303374231356778,0.08607269677723499,0.0
397,25.102061648840234,30.209582951657303,0.11264299230219105,0.11264299230219105,41.3050675746693,37.2695929847512,0.11284609512420815,0.095770226090461,0.0
398,25.22019589089073,30.253437771006897,0.11263868578342709,0.11263868578342709,41.41632800332642,37.36521053192009,0.12062960270751555,0.08949211913143781,0.0
399,25.323181430228647,30.314648553518428,0.11263444351989842,0.11263444351989842,41.53085916512197,37.45125088844031,0.11445125996636535,0.08822419649857952,0.0
400,25.44866629939564,30.38024482944279,0.11263026455052122,0.11263026455052122,41.65721207350776,37.53656810732385,0.14136443994333162,0.09032353800137563,0.0
401,25.57069296957217,30.436324017205166,0.11262614792865716,0.11262614792865716,41.8030299421257,37.623600554859024,0.1463756832388774,0.07988792515817286,0.0
402,25.693224653582593,30.503715626673735,0.11262209272189411,0.11262209272189411,41.9521442594972,37.70640369439401,0.15148396802207853,0.08298419179592062,0.0
403,25.80700165737241,30.568389697979956,0.11261809801183038,0.11261809801183038,42.11833228468615,37.78442620911022,0.1723733180910978,0.07636324082529998,0.0
404,25.94033965831377,30.597104298229567,0.11261416289386228,0.11261416289386228,42.29244083146805,37.866996977633,0.17520590771345063,0.08494711230850482,0.0
405,26.076835657917194,30.658087366342357,0.11261028647697474,0.11261028647697474,42.4716879605191,37.960048812559855,0.17887803549243858,0.10326686522029653,0.0
406,26.194748686414876,30.73384528151473,0.11260646788353554,0.11260646788353554,42.644479675438085,38.062061947399215,0.17084650826305608,0.10035729744405777,0.0
407,26.309982524022185,30.77555715531323,0.11260270624909235,0.11260270624909235,42.821405563669195,38.15850000774528,0.17678854778905015,0.0974012194210492,0.0
408,26.436540350660014,30.824695228212256,0.11259900072217319,0.11259900072217319,42.999336706177026,38.252746353465945,0.17880148883780114,0.09979774954713519,0.0
409,26.55839415139712,30.863743402009785,0.11259535046408972,0.11259535046408972,43.17206903534955,38.3547891234173,0.1785637399129224,0.10136752157127413,0.0
410,26.680602703927693,30.92356036428512,0.11259175464874376,0.11259175464874376,43.35742873523619,38.46120179441555,0.1915461277851326,0.1056019848873717,0.0
411,26.803042401878535,30.961895284920267,0.11258821246243664,0.11258821246243664,43.53786638409682,38.56666165153147,0.1761527424173996,0.10352039315751349,0.0
412,26.925836778490424,31.015992011151052,0.11258472310368157,0.11258472310368157,43.7100742057382,38.669692167299736,0.1738494783888378,0.10505695648078903,0.0
413,27.032327210108477,31.06214830782031,0.11258128578301889,0.11258128578301889,43.87926630280935,38.77943214541003,0.16313494599451223,0.11192963728593648,0.0
414,27.16245009291201,31.106392787074,0.1125778997228341,0.1125778997228341,44.0488737630796,38.88318148824325,0.17350452544156356,0.10679837620612212,0.0
415,27.28813408710701,31.162493866152175,0.11257456415717873,0.11257456415717873,44.2182675886891,38.99209973163595,0.16501408328130088,0.10249642316286439,0.0
416,27.4143273715323,31.219611271711393,0.11257127833159401,0.11257127833159401,44.38376757838115,39.0907313965034,0.1635343850449139,0.09856910314106726,0.0
417,27.547281832191917,31.286985886716902,0.11256804150293713,0.11256804150293713,44.55208077919061,39.19131261128311,0.16464822828220832,0.10388208613720289,0.0
418,27.681856986425984,31.359042761879966,0.11256485293921023,0.11256485293921023,44.71799987380756,39.28409638699527,0.17006219771201708,0.09681059445121233,0.0
419,27.821661107846055,31.413296327622167,0.11256171191939207,0.11256171191939207,44.89238547338113,39.37479169108968,0.1758500891490108,0.08294362510892175,0.0
420,27.952667263183102,31.47632199086065,0.11255861773327216,0.11255861773327216,45.07850580952336,39.46124910114409,0.19071756521574842,0.08077131446546444,0.0
421,28.083311689983194,31.53048080614284,0.11255556968128753,0.11255556968128753,45.26396339319636,39.5460460390529,0.18276012087932528,0.08700449214722764,0.0
422,28.20517795208166,31.582806104358816,0.11255256707436194,0.11255256707436194,45.44497295963399,39.640791813263725,0.17656012078334513,0.09952631266718975,0.0
423,28.335454282337814,31.65482277044571,0.11254960923374759,0.11254960923374759,45.61924119148704,39.74536987694011,0.17566925468617467,0.10214183721781749,0.0
424,28.468265692817532,31.70105642690887,0.11254669549086921,0.11254669549086921,45.7998583887142,39.84806463576255,0.17809316385385293,0.10024863525032975,0.0
425,28.610940136729003,31.770052847086642,0.11254382518717058,0.11254382518717058,45.97891440836715,39.94219374643616,0.1842625168550211,0.09019357519657459,0.0
426,28.753723529135964,31.82109848968546,0.11254099767396346,0.11254099767396346,46.16321780516502,40.034143419191935,0.18098972385129483,0.09163103917596893,0.0
427,28.87471975009247,31.889025377076813,0.11253821231227853,0.11253821231227853,46.35588156351125,40.126577363184566,0.19822320927613327,0.09278017736594824,0.0
428,28.988886035144066,31.946895797461526,0.1125354684727191,0.1125354684727191,46.55011575370629,40.2192355818402,0.1910603692619076,0.08739745750487941,0.0
429,29.135551351156423,32.021348372101215,0.11253276553531652,0.11253276553531652,46.73955117236992,40.3142583167662,0.19037835960044439,0.10231390736587646,0.0
430,29.288740842954006,32.08273538809388,0.11253010288938826,0.11253010288938826,46.925621295005556,40.42029068447593,0.1872202212011313,0.11353974208237733,0.0
431,29.411807575824145,32.15082478242906,0.11252747993339787,0.11252747993339787,47.11123554605541,40.5383180521676,0.1864088839134912,0.11631230292306753,0.0
432,29.529968895598966,32.21598653474424,0.11252489607481708,0.11252489607481708,47.302852590748884,40.66232178205332,0.19411674284897223,0.1328456717279428,0.0
433,29.677137520989742,32.26929705446375,0.11252235072999026,0.11252235072999026,47.49462109923582,40.78978727925652,0.19720097782719004,0.12549152451004558,0.0
434,29.82121134051832,32.321858707359944,0.1125198433240006,0.1125198433240006,47.691152628970926,40.92123211377241,0.20495533174832598,0.13439037538824383,0.0
435,29.952781519696345,32.385541747303265,0.1125173732905386,0.1125173732905386,47.88590211982716,41.0451019372694,0.189453278955437,0.12174405993492732,0.0
436,30.094449469286964,32.45750438689281,0.11251494007177242,0.11251494007177242,48.07602031922354,41.1710838605404,0.19420183277536396,0.12976506125642456,0.0
437,30.225713580204115,32.517163878320055,0.11251254311822023,0.11251254311822023,48.27324681733519,41.30654584202097,0.19758061304396757,0.13522233595485966,0.0
438,30.343044959073858,32.567095965403205,0.11251018188862459,0.11251018188862459,48.47435117927535,41.439937341064336,0.20880477895520375,0.13134782078975363,0.0
439,30.48748851104291,32.62522791003049,0.11250785584982857,0.11250785584982857,48.68340870793767,41.579526408986666,0.20721745205495,0.14746112192617994,0.0
440,30.622420659219117,32.70524568856327,0.11250556447665393,0.11250556447665393,48.89373767569731,41.719787454328795,0.21504485839143433,0.12256434028297987,0.0
441,30.76273870314139,32.77402547998892,0.11250330725178105,0.11250330725178105,49.12234348829124,41.840862027573316,0.24602263748717612,0.12770517934612638,0.0
442,30.910807326663967,32.84223293677809,0.11250108366563073,0.11250108366563073,49.37081208615935,41.971990629333746,0.25537096343781596,0.12698192581794376,0.0
443,31.062838129068798,32.91248758544105,0.11249889321624776,0.11249889321624776,49.62775122155961,42.09951755779787,0.2588774350993283,0.13899301067735997,0.0
444,31.19657405009004,32.97298429992663,0.11249673540918621,0.11249673540918621,49.88236211138501,42.23692919464628,0.2533327013414304,0.13869904770536373,0.0
445,31.343450573479263,33.04824937339567,0.11249460975739667,0.11249460975739667,50.13728232995767,42.3718258166619,0.2571032789148238,0.12390899404261409,0.0
446,31.462896769779398,33.10740033937082,0.11249251578111488,0.11249251578111488,50.392527130284506,42.50605489465689,0.26053326009589844,0.13155960985022763,0.0
447,31.615234539633207,33.179408270370395,0.11249045300775234,0.11249045300775234,50.644462001794366,42.640611499480855,0.24158819894947295,0.13030326094525801,0.0
448,31.757827922567813,33.25777825350066,0.11248842097178842,0.11248842097178842,50.89552255273885,42.77183489940189,0.2600466444087303,0.13529706770271097,0.0
449,31.893190175563294,33.3203309971503,0.1124864192146642,0.1124864192146642,51.151573420112314,42.89987801034978,0.2541636906576381,0.12731032718883942,0.0
450,32.021988756683925,33.41922961517999,0.11248444728467775,0.11248444728467775,51.39452361605885,43.029260296157176,0.24151175433800748,0.12820304224075238,0.0
451,32.18194369777662,33.49411147191445,0.11248250473688126,0.11248250473688126,51.63336409621903,43.16097128030254,0.24978002139332245,0.12598305539460264,0.0
452,32.33729650159575,33.5690389443913,0.11248059113297952,0.11248059113297952,51.8857814215003,43.290033087947954,0.25039789842615473,0.1321075132687644,0.0
453,32.482469297903044,33.66091350217343,0.11247870604123003,0.11247870604123003,52.145323522481625,43.43193320126509,0.2616462573496263,0.13344560506763267,0.0
454,32.63672133700814,33.733249555234124,0.11247684903634457,0.11247684903634457,52.40318753703541,43.55413281346626,0.2542458999152484,0.11753462053192054,0.0
455,32.80427249934473,33.82289950770708,0.1124750196993923,0.1124750196993923,52.65650297302293,43.67031673771348,0.2453970747400928,0.11653286175982143,0.0
456,32.952855666791315,33.87860038029232,0.11247321761770435,0.11247321761770435,52.904184817100344,43.77782793385497,0.2434852491591436,0.10029578381259396,0.0
457,33.100622836255305,33.956009544524036,0.11247144238477978,0.11247144238477978,53.14369253076886,43.87306535541372,0.23795776046820602,0.09334304510457865,0.0
458,33.231081706803074,34.026092983459336,0.11246969360019306,0.11246969360019306,53.37787141901762,43.961431343778145,0.23114431805608418,0.09136866594736477,0.0
459,33.382117877188676,34.11659911128387,0.11246797086950285,0.11246797086950285,53.627886197032936,44.05711965029922,0.26174957534708765,0.09453902465810796,0.0
460,33.532824194863885,34.18526295981203,0.1124662738041622,0.1124662738041622,53.889505601585356,44.15587187338637,0.26185913517406645,0.09963573665067904,0.0
461,33.673169035925575,34.25999830248908,0.11246460202143016,0.11246460202143016,54.14766376888212,44.26196647900057,0.2627499595533031,0.11377137205217062,0.0
462,33.8146488230332,34.327528423579494,0.1124629551442847,0.1124629551442847,54.415921869591685,44.38771626258741,0.2821620306217507,0.13252327312333806,0.0
463,33.96849618965986,34.40241815719813,0.11246133280133681,0.11246133280133681,54.69231396766613,44.528075068222755,0.27968249553259306,0.1295327283224828,0.0
464,34.113282953226005,34.47041595698216,0.11245973462674615,0.11245973462674615,54.965506660312286,44.65186478728313,0.27038725170744493,0.123761212655381,0.0
465,34.28392115738216,34.53595292947179,0.11245816026013775,0.11245816026013775,55.223598806994765,44.765049776369295,0.2470332953183408,0.1170192446974217,0.0
466,34.44966426911243,34.59855594832843,0.11245660934652009,0.11245660934652009,55.47016143668471,44.883689650511684,0.23982987805021896,0.12207886073148515,0.0
467,34.623130167210675,34.67310808069287,0.11245508153620445,0.11245508153620445,55.71832748888878,45.01045952343096,0.24674681131268678,0.13290833960723353,0.0
468,34.77532208691958,34.76681630961488,0.11245357648472529,0.11245357648472529,55.96018675705161,45.14133887426711,0.23708499537020308,0.1309018552546963,0.0
469,34.93912866018416,34.83238906688033,0.11245209385276206,0.11245209385276206,56.19546493044532,45.26998782255717,0.23902336547216602,0.12162522337789412,0.0
470,35.093419953218564,34.91326232642925,0.11245063330606199,0.11245063330606199,56.43102239315146,45.38627112393797,0.2325555485001926,0.12037189694734324,0.0
471,35.27806012474092,34.98130600107414,0.11244919451536427,0.11244919451536427,56.66882275100033,45.508569504599365,0.2406212920095112,0.13015039678673448,0.0
472,35.416244877842125,35.049284730321865,0.11244777715632513,0.11244777715632513,56.90568132678971,45.648914621368434,0.23105272215876124,0.14316173334206184,0.0
473,35.57794582233669,35.12810053224608,0.11244638090944423,0.11244638090944423,57.12851473262561,45.78628252738853,0.21542829490912035,0.14425092099974746,0.0
474,35.73747689414381,35.21127376236606,0.11244500545999207,0.11244500545999207,57.34635731157142,45.92693804944966,0.21753610361106454,0.1403409307397297,0.0
475,35.9034739547076,35.30568006631713,0.11244365049793854,0.11244365049793854,57.57297609781015,46.06512358715007,0.23565421046789428,0.12856103955596337,0.0
476,36.06965829050427,35.39235225480658,0.11244231571788249,0.11244231571788249,57.8122736599045,46.1963797123755,0.23588456794061624,0.12500573394617961,0.0
477,36.24526934129049,35.47067311688433,0.11244100081898242,0.11244100081898242,58.05043119420938,46.32156053061548,0.22912784816655302,0.11975991624619178,0.0
478,36.423625617645534,35.55507075463497,0.11243970550488824,0.11243970550488824,58.292912730091025,46.44454600833867,0.24424628158689385,0.12016169190481708,0.0
479,36.582196158984615,35.64593466330921,0.11243842948367394,0.11243842948367394,58.53902414021718,46.56377218063646,0.24313453059516638,0.1212433900784126,0.0
480,36.77804218269608,35.72664960584054,0.11243717246777137,0.11243717246777137,58.78475265838504,46.68014362415161,0.25579752955816726,0.1094981235003674,0.0
481,36.946407278978754,35.82526948174601,0.11243593417390503,0.11243593417390503,59.04552906415961,46.78935294851414,0.26274417397020916,0.10916871000135803,0.0
482,37.112397595591446,35.88391011608725,0.11243471432302772,0.11243471432302772,59.311136259822995,46.894168681157474,0.2682231828494505,0.1015113312285473,0.0
483,37.28900221412555,35.97976726064526,0.11243351264025739,0.11243351264025739,59.58198368960606,46.99169232846762,0.26879169354441174,0.09093326180131331,0.0
484,37.4496122411572,36.0728241834367,0.1124323288548146,0.1124323288548146,59.857306784236386,47.084896852564405,0.27114639626040243,0.09309821549289657,0.0
485,37.619276706287245,36.12884165129975,0.11243116269996131,0.11243116269996131,60.12343865239979,47.181603888489846,0.26484570112642775,0.09768375825218424,0.0
486,37.78773346384217,36.20739293692423,0.11243001391294026,0.11243001391294026,60.391749536776544,47.27716431044864,0.2840209434788804,0.08608588391717141,0.0
487,37.954766668118396,36.30018792547801,0.11242888223491547,0.11242888223491547,60.689004079720256,47.365152395699155,0.30861105040204756,0.0914205045799358,0.0
488,38.12548085301004,36.39461989302767,0.11242776741091355,0.11242776741091355,60.99790904733306,47.45619811982938,0.305985996855562,0.09837837159640449,0.0
489,38.297099719092145,36.48172902486196,0.11242666918976588,0.11242666918976588,61.31057897750826,47.54645833411889,0.3189953948206787,0.09164699397601178,0.0
490,38.48774758479384,36.55944218773808,0.11242558732405175,0.11242558732405175,61.63157907935725,47.631185422340906,0.31597663014279587,0.0852948791412774,0.0
491,38.65889269982174,36.63812790585339,0.1124245215700422,0.1124245215700422,61.94967986836592,47.70995463343227,0.3137636312292538,0.07711225504010277,0.0
492,38.85460312614839,36.72082055103624,0.11242347168764488,0.11242347168764488,62.260993636766216,47.77734573607432,0.31350286303944735,0.06336431894342502,0.0
493,39.02366485540025,36.79865371731466,0.11242243744034965,0.11242243744034965,62.564782809422304,47.83283253303694,0.291930256887111,0.04787357445458182,0.0
494,39.212754234810056,36.891348028257475,0.11242141859517492,0.11242141859517492,62.845833724108964,47.87407428833348,0.2675139073590849,0.040052420731608404,0.0
495,39.397460948212206,36.96086754620616,0.11242041492261497,0.11242041492261497,63.12084679743867,47.91124734210988,0.27828535279761546,0.030394073367775085,0.0
496,39.56578586862508,37.05111285554854,0.11241942619658797,0.11241942619658797,63.40399542338569,47.95944647663714,0.27604064479184887,0.0630502589424766,0.0
497,39.73022598537842,37.12440841668662,0.11241845219438469,0.11241845219438469,63.68089867496595,48.035002640943354,0.27544746216728094,0.08549633542566071,0.0
498,39.92975549785673,37.20249535315281,0.11241749269661819,0.11241749269661819,63.957541295272094,48.122551827946246,0.27866831467337205,0.09291788365846489,0.0
499,40.11591056849935,37.27404945605175,0.11241654748717407,0.11241654748717407,64.24128365097519,48.211207867561214,0.2783407115258336,0.08956015598873646,0.0
