t,x1_est,x2_est,x1_std,x2_std,x1_real,x2_real,reset
0,-2.1652233427342007,0.8029160912780876,1.2989137392511636,1.2989137392511636,-2.7982999560732624,2.495500836056697,0.0
1,-7.7837433468551165,5.168505381471489,1.2151109262210433,1.2151109262210433,-6.95845000723085,7.089476400502884,0.0
2,-5.396277074233074,3.006053486769778,1.2137043203506137,1.2137043203506137,-3.6421476236560664,2.7357353880300677,0.0
3,-7.520369884673766,5.36931362229755,1.2136811264417326,1.2136811264417326,-7.944412907957032,4.811185419562348,0.0
4,-13.060519384683687,3.9016406835684125,1.2136807441116153,1.2136807441116153,-12.220525589466146,5.06640794433689,0.0
5,-13.591429483601374,5.285010019361208,1.21368073780929,1.21368073780929,-14.703881932926178,4.586274428907278,0.0
6,-15.797932985101804,4.235385139135091,1.2136807377054024,1.2136807377054024,-16.15211559659912,6.872761050881561,0.0
7,-14.937015546008249,6.335663605350393,1.21368073770369,1.21368073770369,-13.832183906470597,4.992499124836722,0.0
8,-13.366406090917511,7.207993036776292,1.2136807377036618,1.2136807377036618,-13.652984369915853,7.336769466777593,0.0
9,-10.767589654463405,7.558205614336744,1.2136807377036614,1.2136807377036614,-11.862097084220135,8.798835228662893,0.0
10,-13.566695485530953,4.740204547463687,1.2136807377036614,1.2136807377036614,-12.592015874836301,4.315895269644647,0.0
11,-13.210771015994363,6.435387005414313,1.2136807377036614,1.2136807377036614,-14.740231677715446,4.541132507685075,0.0
12,-10.39543396841826,4.149859909970594,1.2136807377036614,1.2136807377036614,-10.75759449253121,5.836595142707685,0.0
13,-13.039528783545766,2.6697825672000666,1.2136807377036614,1.2136807377036614,-13.811171570085786,1.741144035436542,0.0
14,-14.839779557653593,2.7965173989762047,1.2136807377036614,1.2136807377036614,-15.852574598542805,4.948826240646859,0.0
15,-12.996877850464998,3.654798014723282,1.2136807377036614,1.2136807377036614,-13.605389971570768,4.351322158241469,0.0
16,-12.602604001140845,1.414839808932277,1.2136807377036614,1.2136807377036614,-13.62644335710143,0.7420082109315849,0.0
17,-13.942646274625284,-2.5088123294943006,1.2136807377036614,1.2136807377036614,-13.354761102954658,-1.2539671770348833,0.0
18,-15.936330403824234,-1.5695611670951046,1.2136807377036614,1.2136807377036614,-16.119508047609322,-0.1538179122334613,0.0
19,-13.26031649392938,-2.9456047002997714,1.2136807377036614,1.2136807377036614,-12.167461975871886,-0.96994478756789,0.0
20,-16.95887178999586,0.09529110641643479,1.2136807377036614,1.2136807377036614,-16.994380401701747,-0.43122768076139073,0.0
21,-13.8471599691595,0.07697614459735982,1.2136807377036614,1.2136807377036614,-14.50868351661833,-2.3304238587900508,0.0
22,-14.577268768251507,-6.080819258165081,1.2136807377036614,1.2136807377036614,-15.678848949461186,-8.386166381123052,0.0
23,-17.21854014733921,-5.925260397226162,1.2136807377036614,1.2136807377036614,-16.508547443455992,-7.534371794240623,0.0
24,-19.089107300479164,-2.268880195696257,1.2136807377036614,1.2136807377036614,-19.455422547214507,-2.501603854896958,0.0
25,-23.90957677890755,-3.692899040357182,1.2136807377036614,1.2136807377036614,-23.917942775804697,-2.4278001700559373,0.0
26,-22.552138610526924,-0.3983959010474427,1.2136807377036614,1.2136807377036614,-23.672763328731058,2.1539403887863657,0.0
27,-27.97207950906724,1.367876329161129,1.2136807377036614,1.2136807377036614,-29.966267714821686,1.2398484073098217,0.0
28,-28.594812963846593,3.57484446616096,1.2136807377036614,1.2136807377036614,-30.662635586357045,3.1233568318609963,0.0
29,-29.45647679331739,5.307003783623775,1.2136807377036614,1.2136807377036614,-29.012762867467618,5.700500117310463,0.0
30,-28.62954547120885,8.920984601386115,1.2136807377036614,1.2136807377036614,-27.7060508102804,8.234739498370892,0.0
31,-31.53047939550576,2.824912228391801,1.2136807377036614,1.2136807377036614,-30.09102596849091,2.0942488101684837,0.0
32,-29.132681943672786,0.02827212140791424,1.2136807377036614,1.2136807377036614,-27.39832328036922,-0.24344073106101183,0.0
33,-31.774562677774682,0.5335573985316221,1.2136807377036614,1.2136807377036614,-30.249445337240367,-0.17778951425703987,0.0
34,-26.72581580067623,-0.3264186457901165,1.2136807377036614,1.2136807377036614,-25.606996272461608,-0.36330355299826134,0.0
35,-20.475456052676037,-3.1237628321040023,1.2136807377036614,1.2136807377036614,-19.15716982886025,0.004215650884916211,0.0
36,-21.419990619574335,-3.397726910871189,1.2136807377036614,1.2136807377036614,-20.4150627279214,-0.9434848097851944,0.0
37,-17.31899862880089,1.0993049206846428,1.2136807377036614,1.2136807377036614,-18.76980149419671,0.06059381531791752,0.0
38,-17.542569504929617,6.592835668099239,1.2136807377036614,1.2136807377036614,-15.48956085078651,3.9898425583104116,0.0
39,-13.89648332093793,1.9197380969639166,1.2136807377036614,1.2136807377036614,-14.604837734214822,2.1677371745710072,0.0
40,-10.009676187601464,2.672452511143014,1.2136807377036614,1.2136807377036614,-11.099386147306458,0.8290192264120948,0.0
41,-11.29365466391842,5.878768293170161,1.2136807377036614,1.2136807377036614,-11.684025188623679,4.746912021175159,0.0
42,-13.587095389783016,6.870813003687999,1.2136807377036614,1.2136807377036614,-13.87996234728021,8.786894311608503,0.0
43,-15.08247121590001,6.1213474181484795,1.2136807377036614,1.2136807377036614,-18.041197600920196,4.290920443776393,0.0
44,-14.64649890817924,8.468357340665374,1.2136807377036614,1.2136807377036614,-14.107687231009084,7.845499149618872,0.0
45,-14.304194634312683,2.45179882649565,1.2136807377036614,1.2136807377036614,-14.752845170699361,2.4100947818022638,0.0
46,-12.446007339378696,8.74840006074334,1.2136807377036614,1.2136807377036614,-12.708317484689916,7.439801788590436,0.0
47,-10.234271330082107,11.347423577429531,1.2136807377036614,1.2136807377036614,-9.070184957048582,11.955988348453754,0.0
48,-10.490403409062699,20.795275263406058,1.2136807377036614,1.2136807377036614,-10.735556717244878,20.975410723190485,0.0
49,-8.937994745498564,16.69498354790034,1.2136807377036614,1.2136807377036614,-10.959890512107137,17.003535994262958,0.0
50,-9.611276470953387,15.754160196766112,1.2136807377036614,1.2136807377036614,-9.316467214316999,17.47560538595576,0.0
51,-4.42911273397488,18.31837437008254,1.2136807377036614,1.2136807377036614,-6.202946850792672,20.136927343175426,0.0
52,-7.151445919827573,20.78362045543892,1.2136807377036614,1.2136807377036614,-8.265431655697965,22.191016537075942,0.0
53,-10.771574526134218,20.58394665915408,1.2136807377036614,1.2136807377036614,-10.16621178048408,19.70898101817102,0.0
54,-10.385773346483044,19.754065813067825,1.2136807377036614,1.2136807377036614,-9.270703359093867,20.229818917715733,0.0
55,-16.874539161654575,20.584328072529768,1.2136807377036614,1.2136807377036614,-16.22287603308949,20.11895802199909,0.0
56,-17.609573707897265,19.29053794635229,1.2136807377036614,1.2136807377036614,-18.22276652890742,18.442207402222905,0.0
57,-22.326243029001635,21.37479405613405,1.2136807377036614,1.2136807377036614,-21.455745063066228,21.04919823750912,0.0
58,-14.295889829989502,16.528944051425974,1.2136807377036614,1.2136807377036614,-14.062200341618876,18.663282347569247,0.0
59,-14.531663036903272,19.997204464971162,1.2136807377036614,1.2136807377036614,-16.102484107033955,18.777951559017687,0.0
60,-14.07935328447838,18.82680497368693,1.2136807377036614,1.2136807377036614,-14.790035651703406,18.607710622578153,0.0
61,-12.521169289158221,21.24029961446447,1.2136807377036614,1.2136807377036614,-13.348116273465834,21.58376558325071,0.0
62,-11.469833168064174,26.02460136249897,1.2136807377036614,1.2136807377036614,-12.535530403063477,24.706039771648488,0.0
63,-16.28575778449416,25.434834196750344,1.2136807377036614,1.2136807377036614,-15.372503690676304,25.39963092940003,0.0
64,-17.446841699126768,20.780221670793182,1.2136807377036614,1.2136807377036614,-17.064711419637028,18.397177655817046,0.0
65,-21.982698676226203,24.363209649437103,1.2136807377036614,1.2136807377036614,-22.060312936687865,25.148564562593187,0.0
66,-23.4177527467191,24.172186628671856,1.2136807377036614,1.2136807377036614,-23.692862271618438,23.500860604277463,0.0
67,-20.500938159335817,19.90369832678146,1.2136807377036614,1.2136807377036614,-18.431040618160324,21.16534289830235,0.0
68,-25.62742857952224,23.70186224474363,1.2136807377036614,1.2136807377036614,-24.71448354339021,22.157811085453815,0.0
69,-25.7938744487166,24.286064203601363,1.2136807377036614,1.2136807377036614,-25.595617026838806,24.688466123053924,0.0
70,-29.067677775124487,24.796060113061618,1.2136807377036614,1.2136807377036614,-28.230776205576518,23.672640883829303,0.0
71,-32.07909264804801,23.473185010926077,1.2136807377036614,1.2136807377036614,-31.011845719525265,24.68132387444028,0.0
72,-31.136089394014775,23.125310383544786,1.2136807377036614,1.2136807377036614,-30.286873908633016,23.55230702340717,0.0
73,-24.670722082129338,23.066693876707433,1.2136807377036614,1.2136807377036614,-24.951488906972735,23.23867788723063,0.0
74,-22.696708613112808,25.582858851630334,1.2136807377036614,1.2136807377036614,-23.461716798254386,25.066950414330336,0.0
75,-25.266679253679257,26.008345002234776,1.2136807377036614,1.2136807377036614,-24.63054206072405,26.16449148571575,0.0
76,-27.52161894131806,21.07702570657552,1.2136807377036614,1.2136807377036614,-27.796792910078096,22.558375144985,0.0
77,-33.872478383959425,20.947735705786144,1.2136807377036614,1.2136807377036614,-32.25481088059976,19.628212861772706,0.0
78,-33.91951455579642,19.849048511568885,1.2136807377036614,1.2136807377036614,-33.17826606221992,19.218731179791554,0.0
79,-35.03749665751454,18.252416064710374,1.2136807377036614,1.2136807377036614,-35.77278935249266,15.329073926592454,0.0
80,-39.337290805155774,19.087083681447282,1.2136807377036614,1.2136807377036614,-36.535169255567794,18.95976333516747,0.0
81,-38.174087004676025,16.06921396280012,1.2136807377036614,1.2136807377036614,-39.22524037171259,17.121170042162213,0.0
82,-35.345382565717706,19.468162152726457,1.2136807377036614,1.2136807377036614,-36.57597039653287,22.43382565365807,0.0
83,-40.5515461364516,25.894843237881965,1.2136807377036614,1.2136807377036614,-41.424133259539886,26.297442896183426,0.0
84,-41.95951585885922,29.966491939788682,1.2136807377036614,1.2136807377036614,-42.66093563930588,31.98413194024931,0.0
85,-43.874924242462626,31.13591450786362,1.2136807377036614,1.2136807377036614,-42.59170526323638,30.765123139054733,0.0
86,-50.74862643536557,34.35742235777199,1.2136807377036614,1.2136807377036614,-49.376068287377066,33.86534820175039,0.0
87,-54.4326093080584,35.84315124209918,1.2136807377036614,1.2136807377036614,-55.459114069799,33.598624088451984,0.0
88,-50.421201505534356,35.24531857038149,1.2136807377036614,1.2136807377036614,-49.41175146607129,34.759012134606415,0.0
89,-52.39197774115868,36.368553479548126,1.2136807377036614,1.2136807377036614,-52.81699265463122,38.34386168709079,0.0
90,-60.47311830711482,39.24803750228419,1.2136807377036614,1.2136807377036614,-58.99557932636197,40.424995544045544,0.0
91,-52.42929408618315,38.3737645067345,1.2136807377036614,1.2136807377036614,-51.8056052258823,40.40881024878089,0.0
92,-48.9164631931796,40.49349023766546,1.2136807377036614,1.2136807377036614,-48.34671395721118,39.53803756000664,0.0
93,-52.542317761864865,31.104715206612234,1.2136807377036614,1.2136807377036614,-52.02222117695983,31.391976300426457,0.0
94,-55.40428644049406,32.71625315410531,1.2136807377036614,1.2136807377036614,-55.52558959636628,31.66126562334016,0.0
95,-56.19974332751197,28.033396810300957,1.2136807377036614,1.2136807377036614,-55.52619967494564,28.35133154021806,0.0
96,-48.31693981643877,32.973104993963446,1.2136807377036614,1.2136807377036614,-48.90182329561494,34.374207132094114,0.0
97,-47.797667287954084,34.87778703398265,1.2136807377036614,1.2136807377036614,-45.908351910071744,33.9217597708301,0.0
98,-46.050887047837584,31.610482823962034,1.2136807377036614,1.2136807377036614,-45.578691290486766,32.59601441054742,0.0
99,-39.48426218846443,31.786988010342803,1.2136807377036614,1.2136807377036614,-39.37733431023455,32.435437434090225,0.0
100,-36.21986346967973,29.555982096818934,1.2136807377036614,1.2136807377036614,-35.94485831630311,30.28574792203324,0.0
101,-33.671251846985896,27.461916437128377,1.2136807377036614,1.2136807377036614,-34.34514820567063,26.59098467335547,0.0
102,-29.730576160242933,24.903677837686605,1.2136807377036614,1.2136807377036614,-30.309668100112255,24.159322984888014,0.0
103,-33.25194341032474,27.741658832841328,1.2136807377036614,1.2136807377036614,-32.69836871517495,25.898151538443848,0.0
104,-36.92910747240913,28.12422797248799,1.2136807377036614,1.2136807377036614,-37.39629115807432,28.9820747217359,0.0
105,-39.94535472886402,31.131171580901274,1.2136807377036614,1.2136807377036614,-38.8101195837387,30.626374700074113,0.0
106,-40.95222022771847,31.28689860209261,1.2136807377036614,1.2136807377036614,-41.37053525262792,33.45354522218752,0.0
107,-44.166834822712744,31.613065054980094,1.2136807377036614,1.2136807377036614,-43.963746827040396,31.081745456490182,0.0
108,-48.26111104653415,34.3382217583162,1.2136807377036614,1.2136807377036614,-48.857168285804036,32.88105551180848,0.0
109,-43.966480897958256,34.35231074272906,1.2136807377036614,1.2136807377036614,-43.90940021894129,35.126041556086186,0.0
110,-46.42684297795615,31.467826854472044,1.2136807377036614,1.2136807377036614,-43.42976077087315,33.30777577748594,0.0
111,-47.656892934950726,32.993768196654614,1.2136807377036614,1.2136807377036614,-47.15904491640877,32.56637148519891,0.0
112,-47.021967106975154,24.387802217627264,1.2136807377036614,1.2136807377036614,-47.98729714427543,23.62495403356128,0.0
113,-51.35258024266971,20.728666887492388,1.2136807377036614,1.2136807377036614,-50.76901657464667,19.47592140154815,0.0
114,-45.35632188469497,19.384090010061573,1.2136807377036614,1.2136807377036614,-45.37179685763673,18.80399224922756,0.0
115,-44.63837969263126,19.165119000693345,1.2136807377036614,1.2136807377036614,-43.74403453819131,20.69302003257542,0.0
116,-46.0403988399774,20.52834974089943,1.2136807377036614,1.2136807377036614,-45.24189910108578,21.608103878848457,0.0
117,-51.469434338525595,24.59889380009357,1.2136807377036614,1.2136807377036614,-51.47507310909643,25.25056318462067,0.0
118,-52.726731156550066,23.68942794118116,1.2136807377036614,1.2136807377036614,-53.999164887078415,23.040514342892493,0.0
119,-56.57855499984461,25.415759041688386,1.2136807377036614,1.2136807377036614,-57.84986301620013,26.01192211973499,0.0
120,-59.88238033067873,26.438320617765743,1.2136807377036614,1.2136807377036614,-60.40543070609551,28.404097942690164,0.0
121,-62.404903247000455,24.714049334735417,1.2136807377036614,1.2136807377036614,-62.78291847452833,24.276606587454136,0.0
122,-67.58715817222776,21.6226733046152,1.2136807377036614,1.2136807377036614,-66.88294405154643,20.015131103852596,0.0
123,-65.9649581431675,18.32458371334279,1.2136807377036614,1.2136807377036614,-67.02320234822463,19.63242671855465,0.0
124,-71.7140594375793,16.95034665557971,1.2136807377036614,1.2136807377036614,-74.17029389483882,16.922168832481457,0.0
125,-77.61936550500894,14.61322003364042,1.2136807377036614,1.2136807377036614,-79.26028643155131,14.980558847726932,0.0
126,-82.22883169729906,16.5306492389304,1.2136807377036614,1.2136807377036614,-82.67085624812115,14.415660236499534,0.0
127,-78.8291564962438,11.645756689034116,1.2136807377036614,1.2136807377036614,-79.0074755473425,12.683034666774613,0.0
128,-80.84967409493764,12.958379882935397,1.2136807377036614,1.2136807377036614,-81.13626012342074,14.259571626503185,0.0
129,-85.0527147911654,16.261246033477345,1.2136807377036614,1.2136807377036614,-84.95677430567353,17.286799263659407,0.0
130,-83.89348272652234,18.90988518107681,1.2136807377036614,1.2136807377036614,-83.118532689812,18.204996946837262,0.0
131,-81.52341401056923,20.663689692006223,1.2136807377036614,1.2136807377036614,-81.21861829143803,20.669444621424525,0.0
132,-77.5710540948034,23.88932364146267,1.2136807377036614,1.2136807377036614,-77.9368852780016,23.782627367175525,0.0
133,-78.46057346125835,20.254558593630918,1.2136807377036614,1.2136807377036614,-78.97065142862697,19.722371009158884,0.0
134,-77.17753037859207,22.015277655038297,1.2136807377036614,1.2136807377036614,-77.26929540437175,22.449534029046468,0.0
135,-70.964962144953,21.620412692624292,1.2136807377036614,1.2136807377036614,-71.4743868554429,20.472879321425513,0.0
136,-75.03846927579683,17.68229937376352,1.2136807377036614,1.2136807377036614,-74.21654182155919,17.00296803570445,0.0
137,-72.51398938557104,18.522194213182452,1.2136807377036614,1.2136807377036614,-74.36457485441692,17.314104148038524,0.0
138,-72.74888032011543,14.633369376075978,1.2136807377036614,1.2136807377036614,-73.04931420637932,14.27605515057747,0.0
139,-72.98081408798143,11.119428752896232,1.2136807377036614,1.2136807377036614,-71.9015746414834,11.968398787481682,0.0
140,-69.28484190724318,9.57474175677887,1.2136807377036614,1.2136807377036614,-68.11140653533467,10.23667961599863,0.0
141,-66.77706822781539,11.209930548513794,1.2136807377036614,1.2136807377036614,-66.91609382125911,10.505981434753856,0.0
142,-66.38086667849734,11.198236713161814,1.2136807377036614,1.2136807377036614,-65.91521060595645,9.873226116456935,0.0
143,-66.5995174992421,9.417577791383994,1.2136807377036614,1.2136807377036614,-66.18255024597833,9.074621718845403,0.0
144,-63.0331103713073,11.498608820980666,1.2136807377036614,1.2136807377036614,-62.552973262114136,11.673024470580092,0.0
145,-59.436279271399464,11.759892426673114,1.2136807377036614,1.2136807377036614,-58.92780430216673,12.585930844743082,0.0
146,-61.60110860980976,14.350767374452822,1.2136807377036614,1.2136807377036614,-62.156935026030666,14.827473026947633,0.0
147,-65.83859992142601,18.056948795009074,1.2136807377036614,1.2136807377036614,-65.29424576517832,18.23363400531378,0.0
148,-65.07493122225989,24.576490760163214,1.2136807377036614,1.2136807377036614,-68.58444141320925,24.00395851236967,0.0
149,-65.59299399413342,25.0073273816659,1.2136807377036614,1.2136807377036614,-67.26952779379654,23.861940875416867,0.0
150,-67.87662774577973,22.565343372625478,1.2136807377036614,1.2136807377036614,-68.83068329695786,23.596953928504103,0.0
151,-61.502187739554834,25.129168979139077,1.2136807377036614,1.2136807377036614,-62.17016396423968,25.80788565879205,0.0
152,-68.6797010801224,18.117566522876135,1.2136807377036614,1.2136807377036614,-65.59000138734474,19.287591334172564,0.0
153,-61.15019412207351,18.011731804554522,1.2136807377036614,1.2136807377036614,-62.30653140389199,19.35468354766819,0.0
154,-58.9972680149666,19.768676562566327,1.2136807377036614,1.2136807377036614,-61.96703630187249,20.84446465102573,0.0
155,-65.9366498046872,18.653201007224954,1.2136807377036614,1.2136807377036614,-67.63293926149385,18.429555131415896,0.0
156,-73.00480040674519,13.420562097784622,1.2136807377036614,1.2136807377036614,-73.50879205658573,14.310299839982605,0.0
157,-76.00789789773393,10.390406955967936,1.2136807377036614,1.2136807377036614,-76.6210598744719,11.789135293878683,0.0
158,-75.9819315971283,13.14692777263943,1.2136807377036614,1.2136807377036614,-76.34374640806642,13.891284461442877,0.0
159,-77.63777450289828,9.969710997048587,1.2136807377036614,1.2136807377036614,-76.98227344145981,8.557851737857074,0.0
160,-74.33839215320218,9.503580937216768,1.2136807377036614,1.2136807377036614,-73.10467612999965,8.484074442576295,0.0
161,-74.59079629937968,10.053454638958533,1.2136807377036614,1.2136807377036614,-73.93142547383312,10.46511942397932,0.0
162,-75.28695665982345,12.209465481447857,1.2136807377036614,1.2136807377036614,-74.13941773630184,11.38139739730072,0.0
163,-77.17584310403922,9.773494888832001,1.2136807377036614,1.2136807377036614,-76.06496904203946,8.297304063957974,0.0
164,-75.69861888017924,10.747375906710175,1.2136807377036614,1.2136807377036614,-74.63896758955809,9.251846948449696,0.0
165,-78.98827140199742,11.615782748844826,1.2136807377036614,1.2136807377036614,-77.88787460528832,9.643278260769419,0.0
166,-77.14221630189327,8.217237131477884,1.2136807377036614,1.2136807377036614,-76.65187978634907,10.092895375568027,0.0
167,-77.58366305341883,9.9289669551276,1.2136807377036614,1.2136807377036614,-76.38110604002092,10.286951223276272,0.0
168,-77.4441002160879,7.882148578596455,1.2136807377036614,1.2136807377036614,-77.55215040567674,9.287407080134074,0.0
169,-73.71691868369234,6.035192268960559,1.2136807377036614,1.2136807377036614,-72.03827907087027,5.37172591801831,0.0
170,-64.47652887976912,9.403008598917866,1.2136807377036614,1.2136807377036614,-63.53211942807719,10.017974777260665,0.0
171,-66.50889448887536,7.400274183697551,1.2136807377036614,1.2136807377036614,-68.62665167783365,8.157514477377184,0.0
172,-67.46415707392882,9.05013348862768,1.2136807377036614,1.2136807377036614,-67.43657952033583,7.634033632146542,0.0
173,-69.45916548544616,2.5719220274491876,1.2136807377036614,1.2136807377036614,-68.49189125635893,0.036604990502678625,0.0
174,-67.20790762625248,0.5118213576501165,1.2136807377036614,1.2136807377036614,-66.94380705452978,0.12671455044691082,0.0
175,-66.64381306726361,1.1747069965334722,1.2136807377036614,1.2136807377036614,-64.61856233796496,0.3001876870639426,0.0
176,-63.73225841741932,-1.4081047880438455,1.2136807377036614,1.2136807377036614,-62.56495609201797,-0.24191049861519331,0.0
177,-61.95762785162973,-0.7368695323071384,1.2136807377036614,1.2136807377036614,-62.38352247022706,-0.22288554984798434,0.0
178,-65.35014521469583,-1.6528768993501495,1.2136807377036614,1.2136807377036614,-63.1217290256266,-0.8935793830416666,0.0
179,-58.62198865695484,3.1550451086893845,1.2136807377036614,1.2136807377036614,-58.14116693873256,2.742192979790114,0.0
180,-58.11632434649787,7.460517911555328,1.2136807377036614,1.2136807377036614,-59.26397622005134,9.70527869577791,0.0
181,-56.21670387904485,11.282290203216004,1.2136807377036614,1.2136807377036614,-55.52281875494973,13.871158473840396,0.0
182,-57.78121833584528,15.068175398390771,1.2136807377036614,1.2136807377036614,-55.424227211190725,16.236302542133416,0.0
183,-60.032044868798884,17.189488212231133,1.2136807377036614,1.2136807377036614,-58.03947575500003,17.672856440871698,0.0
184,-60.057970641251345,20.599203580742728,1.2136807377036614,1.2136807377036614,-59.12532136025034,21.64071834472066,0.0
185,-60.668128437342496,21.00433067843055,1.2136807377036614,1.2136807377036614,-59.002863351452746,21.257700126970754,0.0
186,-61.01879466986069,20.157069267755404,1.2136807377036614,1.2136807377036614,-62.565403678968934,22.43655743499459,0.0
187,-59.08826208853322,26.382614712546697,1.2136807377036614,1.2136807377036614,-58.163110451215374,28.320181604648212,0.0
188,-57.99500366862508,29.66928063072251,1.2136807377036614,1.2136807377036614,-57.76786482367343,29.273317708227367,0.0
189,-51.29158848405437,29.186451412278608,1.2136807377036614,1.2136807377036614,-50.34765386654912,29.76278354540504,0.0
190,-49.13223816872763,30.130189511427545,1.2136807377036614,1.2136807377036614,-48.44241885189774,29.20022310253285,0.0
191,-44.59770135036017,25.950663220351,1.2136807377036614,1.2136807377036614,-44.66201085488807,25.391125076631166,0.0
192,-44.01869593665542,25.15164576810286,1.2136807377036614,1.2136807377036614,-44.396043423415264,25.798969959865847,0.0
193,-45.59694378670712,27.82055480383665,1.2136807377036614,1.2136807377036614,-46.89427966867593,26.329455151087934,0.0
194,-49.22678232803159,26.09399233287976,1.2136807377036614,1.2136807377036614,-51.59032377965896,26.214607238270695,0.0
195,-49.75119148114561,28.146732621884816,1.2136807377036614,1.2136807377036614,-48.94035333730462,30.15666053283891,0.0
196,-52.070203726047396,29.665112592786773,1.2136807377036614,1.2136807377036614,-51.8259257193015,30.955264060866366,0.0
197,-53.40034105786047,30.65030674382719,1.2136807377036614,1.2136807377036614,-53.33069984448887,30.92173578456097,0.0
198,-58.616542141640856,30.953956807411583,1.2136807377036614,1.2136807377036614,-58.7703141709655,29.35223232284998,0.0
199,-59.92980146399596,22.537303181067003,1.2136807377036614,1.2136807377036614,-59.450244463527625,21.531025122305103,0.0
200,-56.34908956991817,18.36787819130216,1.2136807377036614,1.2136807377036614,-56.034715609294246,16.416856359832085,0.0
201,-59.56321309815532,8.950435401484116,1.2136807377036614,1.2136807377036614,-61.46942178131847,8.933488173481997,0.0
202,-63.89596987680671,7.842304285588256,1.2136807377036614,1.2136807377036614,-63.765516770493996,6.598497459590675,0.0
203,-62.615912483939375,7.821610979291048,1.2136807377036614,1.2136807377036614,-63.00647005248373,7.466626234669161,0.0
204,-62.18765286942345,4.705942648112695,1.2136807377036614,1.2136807377036614,-60.38295361512243,5.737334213574033,0.0
205,-59.528229581787095,3.7370303579606614,1.2136807377036614,1.2136807377036614,-56.43556815584327,3.788856278277585,0.0
206,-58.229219020394645,3.2694484949471945,1.2136807377036614,1.2136807377036614,-58.51399683154386,4.615865717833996,0.0
207,-61.710723520295865,-1.1430149256517184,1.2136807377036614,1.2136807377036614,-62.63876960303868,-2.6531014357324327,0.0
208,-61.296602892214665,-1.387392580454916,1.2136807377036614,1.2136807377036614,-61.972850671505974,-1.3936906593620537,0.0
209,-64.79899790487534,3.4800495690016886,1.2136807377036614,1.2136807377036614,-65.38985497617382,2.2805732657115314,0.0
210,-64.9449282623537,-3.736431802535429,1.2136807377036614,1.2136807377036614,-64.49553382346764,-4.898556703352734,0.0
211,-62.87988757861065,0.6377819365800264,1.2136807377036614,1.2136807377036614,-64.21229554725052,0.7559276766595984,0.0
212,-61.613756643924205,-6.958043995854712,1.2136807377036614,1.2136807377036614,-62.776090468177955,-6.254880305374299,0.0
213,-59.09914236181644,-11.27226995176771,1.2136807377036614,1.2136807377036614,-58.92844592092663,-13.087751178651182,0.0
214,-63.832067807752864,-12.349285906682617,1.2136807377036614,1.2136807377036614,-62.00085286289688,-13.926528374508434,0.0
215,-65.6933664923372,-17.219114831294437,1.2136807377036614,1.2136807377036614,-65.05113555060056,-17.63607231622096,0.0
216,-67.25544333224228,-20.23289029304084,1.2136807377036614,1.2136807377036614,-69.20784322164182,-18.002382411520223,0.0
217,-67.11959675680396,-21.583143833454418,1.2136807377036614,1.2136807377036614,-67.35423221749923,-20.229918180148754,0.0
218,-63.75098906186255,-21.578086805296344,1.2136807377036614,1.2136807377036614,-65.01138337445397,-20.434388454920768,0.0
219,-62.70805867344809,-20.477966647283324,1.2136807377036614,1.2136807377036614,-61.303039140714745,-20.669002247693065,0.0
220,-59.05126774540768,-24.88172435514054,1.2136807377036614,1.2136807377036614,-58.965866042134735,-23.082109692921435,0.0
221,-61.133521897366414,-26.349982540755402,1.2136807377036614,1.2136807377036614,-58.83498891784479,-27.072762691849636,0.0
222,-60.95921226750472,-22.21178846696952,1.2136807377036614,1.2136807377036614,-58.143787990468915,-23.390748995597917,0.0
223,-54.269529609921555,-21.26125704293497,1.2136807377036614,1.2136807377036614,-53.01198700396844,-19.17724115355095,0.0
224,-54.643008249474896,-21.69418524928926,1.2136807377036614,1.2136807377036614,-53.81145780932908,-20.679408512513287,0.0
225,-53.46819237080924,-19.164577538984293,1.2136807377036614,1.2136807377036614,-52.96196556516405,-18.73267408570283,0.0
226,-51.97220475310638,-24.449412627951506,1.2136807377036614,1.2136807377036614,-51.73033967565487,-25.213729013419037,0.0
227,-50.10393137699419,-19.963749286445324,1.2136807377036614,1.2136807377036614,-49.385140631863685,-23.114633892699683,0.0
228,-49.656186421446414,-20.962010604885066,1.2136807377036614,1.2136807377036614,-49.7042896856892,-20.688199727161198,0.0
229,-48.04707068453558,-17.94986578170741,1.2136807377036614,1.2136807377036614,-47.6413315173245,-19.68453156645987,0.0
230,-51.87214980627188,-19.797048258780805,1.2136807377036614,1.2136807377036614,-51.111097477599415,-20.585653567162797,0.0
231,-56.32094201226052,-18.42371677340486,1.2136807377036614,1.2136807377036614,-56.340997610554176,-19.157397415188225,0.0
232,-52.45306587399653,-20.726794465924538,1.2136807377036614,1.2136807377036614,-52.92415563780407,-20.140572697392173,0.0
233,-51.22521747742576,-19.41199914083825,1.2136807377036614,1.2136807377036614,-50.19358600456179,-17.994779522578625,0.0
234,-54.217654771274994,-23.404628955330114,1.2136807377036614,1.2136807377036614,-53.6413413264629,-22.431650536424847,0.0
235,-51.51619918021372,-20.602777796646848,1.2136807377036614,1.2136807377036614,-51.216065551323325,-19.34936070099912,0.0
236,-49.84126969515316,-18.619167859497175,1.2136807377036614,1.2136807377036614,-50.02363167873266,-20.574487639775775,0.0
237,-46.091543809331405,-17.260151526150285,1.2136807377036614,1.2136807377036614,-47.5308905204757,-17.33990779074773,0.0
238,-49.876678938756484,-9.623667513378969,1.2136807377036614,1.2136807377036614,-48.39910277145358,-9.91516123317902,0.0
239,-50.471578658328994,-11.138813806900668,1.2136807377036614,1.2136807377036614,-50.37653643634906,-10.901444851073864,0.0
240,-46.98306395238625,-3.8686115312486544,1.2136807377036614,1.2136807377036614,-45.76613347993155,-3.3687648946040722,0.0
241,-49.90036218316346,-3.7016528055198736,1.2136807377036614,1.2136807377036614,-50.597791195924046,-5.383383588755216,0.0
242,-49.4104462245882,-5.74119336066196,1.2136807377036614,1.2136807377036614,-48.33264536110374,-7.0486079774098505,0.0
243,-52.463125502650534,-5.82246616796838,1.2136807377036614,1.2136807377036614,-51.80134287098534,-7.155046726388785,0.0
244,-54.19535403741714,-11.080146644300864,1.2136807377036614,1.2136807377036614,-54.062267294215665,-11.093486368604792,0.0
245,-54.62418621277743,-8.689211848477942,1.2136807377036614,1.2136807377036614,-54.31487577105975,-8.456925082526764,0.0
246,-53.41010736563662,-10.520986111394125,1.2136807377036614,1.2136807377036614,-54.933389369129465,-9.747275448462855,0.0
247,-53.156066517100264,-10.85928172337257,1.2136807377036614,1.2136807377036614,-50.979768573868434,-10.871028066435471,0.0
248,-51.703632140125116,-11.339287773361752,1.2136807377036614,1.2136807377036614,-51.66206346115609,-13.778225797835947,0.0
249,-48.16462819670286,-9.945450756308142,1.2136807377036614,1.2136807377036614,-47.78260325925154,-9.799398293812935,0.0
250,-45.29987561670646,-8.58097408150836,1.2136807377036614,1.2136807377036614,-45.312819236308485,-8.658106237016506,0.0
251,-41.239787914664824,-7.183800382270885,1.2136807377036614,1.2136807377036614,-42.29373705536885,-6.7250621523878085,0.0
252,-41.737103460182745,-14.576209474992554,1.2136807377036614,1.2136807377036614,-43.684260749405865,-15.92362908065061,0.0
253,-44.25239749407965,-18.12845429312715,1.2136807377036614,1.2136807377036614,-45.241717619238436,-17.290063138532055,0.0
254,-45.712209611033636,-17.200810332304243,1.2136807377036614,1.2136807377036614,-44.063003236709406,-17.779963778160056,0.0
255,-44.746613728514475,-12.149382388372214,1.2136807377036614,1.2136807377036614,-44.30211374105743,-12.720669825523522,0.0
256,-44.12122980072298,-17.559113362020277,1.2136807377036614,1.2136807377036614,-43.88433107607051,-16.751125078352537,0.0
257,-42.490309955309776,-17.297003910676864,1.2136807377036614,1.2136807377036614,-43.401319394829365,-17.630449190289813,0.0
258,-43.27282502933845,-14.395913247900612,1.2136807377036614,1.2136807377036614,-43.27284543921041,-13.651899439418354,0.0
259,-45.47553204141871,-9.891990110982778,1.2136807377036614,1.2136807377036614,-46.74378027453541,-8.951705139807935,0.0
260,-46.84282366627113,-13.314254946936463,1.2136807377036614,1.2136807377036614,-46.66177000122684,-13.357986267246055,0.0
261,-46.39894237224115,-12.068367003703035,1.2136807377036614,1.2136807377036614,-48.437839084744866,-10.576169980879246,0.0
262,-50.10894348190693,-10.41747098740504,1.2136807377036614,1.2136807377036614,-51.19072700603915,-9.66722733291463,0.0
263,-54.12486564906446,-8.489055312620568,1.2136807377036614,1.2136807377036614,-55.49231687971999,-8.046198681498858,0.0
264,-57.463828655949825,-10.950111385639344,1.2136807377036614,1.2136807377036614,-58.075001975282014,-11.197777415748401,0.0
265,-57.865022436321155,-13.513887973735539,1.2136807377036614,1.2136807377036614,-59.998740384708796,-14.754697391193295,0.0
266,-57.82444667613824,-10.821036309724247,1.2136807377036614,1.2136807377036614,-58.90850191657765,-12.354429116256922,0.0
267,-56.93724562645614,-12.364442677533573,1.2136807377036614,1.2136807377036614,-57.809275797084844,-13.09964055875966,0.0
268,-57.11625664031691,-8.599630795347508,1.2136807377036614,1.2136807377036614,-55.810409434590376,-7.418142953364443,0.0
269,-55.49941478452798,-5.454058185372622,1.2136807377036614,1.2136807377036614,-53.698390434489255,-6.8553475244447695,0.0
270,-58.39036276682705,-5.438457922991088,1.2136807377036614,1.2136807377036614,-58.20522992033133,-7.845531677082052,0.0
271,-59.14840725535233,-7.246652844464936,1.2136807377036614,1.2136807377036614,-59.99416920300416,-9.27626054011195,0.0
272,-56.06092134482584,-7.897979615800456,1.2136807377036614,1.2136807377036614,-56.6248315987789,-8.665608307522927,0.0
273,-55.38597410396215,-8.966566527969524,1.2136807377036614,1.2136807377036614,-57.714411613745874,-7.244676092107115,0.0
274,-58.48662468265764,-7.821438232677924,1.2136807377036614,1.2136807377036614,-58.54649466447857,-5.6833437906932245,0.0
275,-55.53190356322128,-4.703530382050431,1.2136807377036614,1.2136807377036614,-55.607594861559214,-5.744275120671161,0.0
276,-52.364180968269544,-8.344144439116121,1.2136807377036614,1.2136807377036614,-52.065473030570466,-7.566262074207489,0.0
277,-51.5120921047114,-7.221551907930286,1.2136807377036614,1.2136807377036614,-51.29318509660811,-7.185698877970939,0.0
278,-47.110395160882184,-3.612917158729345,1.2136807377036614,1.2136807377036614,-46.400183367303114,-4.962610554403935,0.0
279,-43.21088135767237,-5.356247160473044,1.2136807377036614,1.2136807377036614,-43.58422557041126,-5.359189734926918,0.0
280,-39.82368609332884,-3.6122163646182806,1.2136807377036614,1.2136807377036614,-38.87644286745385,-2.995504048664397,0.0
281,-42.44818893807647,-1.3289216987960737,1.2136807377036614,1.2136807377036614,-43.41697245306482,-1.8639701432363796,0.0
282,-43.03128946636602,-6.331515660170906,1.2136807377036614,1.2136807377036614,-43.59754098672228,-7.737258605765077,0.0
283,-47.786791710714134,-8.063682525992398,1.2136807377036614,1.2136807377036614,-48.606222098682366,-7.311639810448942,0.0
284,-48.59072920874602,-7.128324506541722,1.2136807377036614,1.2136807377036614,-47.920210145176696,-6.88426180764323,0.0
285,-48.678427457638044,-6.4976124168611005,1.2136807377036614,1.2136807377036614,-50.394504139101656,-7.21764018511117,0.0
286,-50.62466118695876,-9.167794238685495,1.2136807377036614,1.2136807377036614,-51.101646780663266,-7.725971137216318,0.0
287,-54.63335803796177,-4.0376467119260315,1.2136807377036614,1.2136807377036614,-53.418604329742536,-4.0458157470900655,0.0
288,-51.64739623623871,-5.389856544297709,1.2136807377036614,1.2136807377036614,-52.07815768286785,-3.938907647063296,0.0
289,-47.28402815664202,-5.380675665347869,1.2136807377036614,1.2136807377036614,-46.72291221606207,-6.309608913451306,0.0
290,-47.18355082883611,-1.5816256837717386,1.2136807377036614,1.2136807377036614,-46.63744613562201,-0.8195689322320794,0.0
291,-40.665719745365685,-6.52595256689157,1.2136807377036614,1.2136807377036614,-41.003057290904295,-7.854112252484066,0.0
292,-42.1329954657438,-8.953203924418307,1.2136807377036614,1.2136807377036614,-41.246008248808295,-10.532480752092523,0.0
293,-39.52968764554114,-12.558742771343379,1.2136807377036614,1.2136807377036614,-41.32188186140043,-10.771134623303132,0.0
294,-34.71322595441684,-5.235968034414497,1.2136807377036614,1.2136807377036614,-35.073876679006666,-6.276061022093301,0.0
295,-35.157219205430174,-4.024022971500287,1.2136807377036614,1.2136807377036614,-36.08544768161078,-4.683647518565365,0.0
296,-37.97206732862511,-6.574161569276253,1.2136807377036614,1.2136807377036614,-37.808092147913534,-6.767057211966614,0.0
297,-37.482818435792744,-2.6730824749481608,1.2136807377036614,1.2136807377036614,-37.990540336799334,-2.1022252734709124,0.0
298,-37.03778593888628,-6.041914925739878,1.2136807377036614,1.2136807377036614,-36.68043205246215,-6.484175393244035,0.0
299,-39.94139651190379,-6.685885608685821,1.2136807377036614,1.2136807377036614,-39.1851321673333,-7.2684008900521135,0.0
300,-44.88795651702189,-7.669639910730402,1.2136807377036614,1.2136807377036614,-44.61969239279665,-8.956289842285404,0.0
301,-46.022009944963614,-10.859895590782047,1.2136807377036614,1.2136807377036614,-43.77454004793518,-13.282150978859132,0.0
302,-44.16533444307412,-13.384353693126082,1.2136807377036614,1.2136807377036614,-45.95006338930707,-14.898549871584269,0.0
303,-52.129167405716736,-13.45682963407798,1.2136807377036614,1.2136807377036614,-51.10942805536989,-13.044150693069398,0.0
304,-52.367829482869205,-15.465238966551432,1.2136807377036614,1.2136807377036614,-52.60182058587512,-15.14803687386773,0.0
305,-53.92453026715836,-18.90787032153681,1.2136807377036614,1.2136807377036614,-54.95346954164845,-19.309987178806388,0.0
306,-55.42813996277613,-19.685657048137845,1.2136807377036614,1.2136807377036614,-55.537895833293625,-18.825784737985817,0.0
307,-54.02379513702706,-24.296504911756124,1.2136807377036614,1.2136807377036614,-54.000533368075196,-22.91116963145332,0.0
308,-52.17087619687737,-19.643778920616953,1.2136807377036614,1.2136807377036614,-50.705269004182995,-18.58097237994629,0.0
309,-50.44790634851161,-17.665504499856276,1.2136807377036614,1.2136807377036614,-49.76824979856972,-16.8767532209262,0.0
310,-51.08268097572258,-13.80420969499716,1.2136807377036614,1.2136807377036614,-49.66395936629085,-12.22386106014312,0.0
311,-44.29474560137325,-9.609804693047918,1.2136807377036614,1.2136807377036614,-43.1532644746768,-10.519625448218891,0.0
312,-39.62115873113244,-5.105178545948482,1.2136807377036614,1.2136807377036614,-39.51134302677116,-7.3482500366579115,0.0
313,-36.75939741522699,-9.136571380488881,1.2136807377036614,1.2136807377036614,-38.27625909655155,-9.406015044021046,0.0
314,-33.423351578870474,-10.148309476423343,1.2136807377036614,1.2136807377036614,-35.48347308450323,-9.647771513681455,0.0
315,-33.00261038544592,-6.267228360323317,1.2136807377036614,1.2136807377036614,-33.87961236143359,-6.625486011017244,0.0
316,-32.2179915382956,-12.378614483397389,1.2136807377036614,1.2136807377036614,-30.776549012996146,-13.924493921107228,0.0
317,-28.503487322367544,-15.662285416601943,1.2136807377036614,1.2136807377036614,-28.431146564964603,-16.6808662184542,0.0
318,-24.754161258323016,-18.834433310917948,1.2136807377036614,1.2136807377036614,-25.53146977030638,-20.290859543941895,0.0
319,-28.667282257563873,-20.02533945703555,1.2136807377036614,1.2136807377036614,-28.595808157752487,-19.628590190564314,0.0
320,-31.26887151169206,-18.946741881627208,1.2136807377036614,1.2136807377036614,-30.615490579192446,-16.636942706536402,0.0
321,-29.28049176277719,-16.6968652943331,1.2136807377036614,1.2136807377036614,-30.908070131100654,-17.62995622480283,0.0
322,-34.59879711399118,-18.840912936527594,1.2136807377036614,1.2136807377036614,-36.03435226047833,-18.94524424888638,0.0
323,-30.099556958753094,-20.31173777551877,1.2136807377036614,1.2136807377036614,-31.50850228526356,-21.507257571108763,0.0
324,-32.57225995773744,-26.416667338630006,1.2136807377036614,1.2136807377036614,-30.3504394822398,-25.300267414795847,0.0
325,-31.337891806173502,-22.66206989612138,1.2136807377036614,1.2136807377036614,-30.835161926261545,-22.039221460162075,0.0
326,-25.910535720760766,-20.684717701289586,1.2136807377036614,1.2136807377036614,-26.097216412322336,-21.655148164620723,0.0
327,-25.735218365320538,-22.432502701504827,1.2136807377036614,1.2136807377036614,-25.554854873563524,-22.769973224188277,0.0
328,-17.64105611143703,-29.236094931353037,1.2136807377036614,1.2136807377036614,-17.44522939419152,-30.05386093492129,0.0
329,-14.652076411195537,-31.19525054838019,1.2136807377036614,1.2136807377036614,-15.10386687311347,-31.47046677352571,0.0
330,-24.331698466534526,-34.398430165772616,1.2136807377036614,1.2136807377036614,-25.927259645546584,-36.42310171224096,0.0
331,-22.482200074642265,-37.819075431711205,1.2136807377036614,1.2136807377036614,-23.649863246929733,-38.716470240679364,0.0
332,-23.017101631231327,-41.125486196731444,1.2136807377036614,1.2136807377036614,-24.00414420389207,-42.00655901388797,0.0
333,-25.603656528411825,-44.1552523417886,1.2136807377036614,1.2136807377036614,-26.37470855354409,-43.816154894324875,0.0
334,-26.352563538433753,-42.21435996127753,1.2136807377036614,1.2136807377036614,-26.594460424490283,-42.93037550169769,0.0
335,-25.26266732321418,-47.60538906921205,1.2136807377036614,1.2136807377036614,-24.384933950369312,-47.97327482420272,0.0
336,-24.24217609842481,-45.41302087457638,1.2136807377036614,1.2136807377036614,-22.69317936080284,-43.17265933667056,0.0
337,-22.149081148510284,-41.680382564264086,1.2136807377036614,1.2136807377036614,-19.192769020427132,-42.008174208109054,0.0
338,-16.94494129545944,-40.30577898738444,1.2136807377036614,1.2136807377036614,-16.38757674369115,-41.563780457987534,0.0
339,-12.197148185922789,-47.653860051970135,1.2136807377036614,1.2136807377036614,-12.456316057216107,-47.48481653014827,0.0
340,-10.553267460237496,-47.025402207635096,1.2136807377036614,1.2136807377036614,-10.901275629695345,-46.51586786844144,0.0
341,-8.589204307742477,-45.21904527457294,1.2136807377036614,1.2136807377036614,-7.765938996565652,-46.49948240592106,0.0
342,-4.095303976321823,-45.48228446169141,1.2136807377036614,1.2136807377036614,-2.443343091066935,-46.02907951398646,0.0
343,-3.00533262763114,-45.22032842337596,1.2136807377036614,1.2136807377036614,-3.240062606597661,-47.73454346276451,0.0
344,-0.02905693712320634,-44.75509946112924,1.2136807377036614,1.2136807377036614,-1.445207494642901,-44.06110799792535,0.0
345,-2.7691980685683593,-40.03149400234377,1.2136807377036614,1.2136807377036614,-2.6475406203403287,-41.14833390316042,0.0
346,-3.39542662919266,-44.73411100708944,1.2136807377036614,1.2136807377036614,-2.4554032698663084,-45.11393764593936,0.0
347,-4.042454633490706,-46.52079607792897,1.2136807377036614,1.2136807377036614,-5.522400257217937,-46.919018375376425,0.0
348,-4.980567603393654,-49.05591466523616,1.2136807377036614,1.2136807377036614,-3.9334136310683476,-49.028800198398784,0.0
349,-5.904664848083928,-50.33698503358415,1.2136807377036614,1.2136807377036614,-6.494868596365833,-51.0066728504881,0.0
350,-7.069086858343171,-55.276326692948075,1.2136807377036614,1.2136807377036614,-6.978049874064739,-56.88120560269712,0.0
351,-5.470536909922986,-59.25933381488684,1.2136807377036614,1.2136807377036614,-4.962508285785956,-58.94791896160353,0.0
352,-2.394110550219971,-60.8051803973224,1.2136807377036614,1.2136807377036614,-3.291600162738268,-60.323118021923094,0.0
353,-4.1526844743960645,-56.74846973282916,1.2136807377036614,1.2136807377036614,-3.786255527699788,-58.533973138525916,0.0
354,-5.429286962544217,-59.86290775161163,1.2136807377036614,1.2136807377036614,-6.173599019443788,-62.28133422914951,0.0
355,-3.367280412990329,-57.49904354315384,1.2136807377036614,1.2136807377036614,-4.067272253071013,-58.40778320357788,0.0
356,-2.1964606880391395,-55.94778951791239,1.2136807377036614,1.2136807377036614,-4.842784135034437,-56.12400234694435,0.0
357,-5.990381808317064,-58.5517509113911,1.2136807377036614,1.2136807377036614,-4.577806961018019,-58.869776790998344,0.0
358,-7.384609732356833,-60.73639600960426,1.2136807377036614,1.2136807377036614,-8.417732375766981,-60.559454993189384,0.0
359,-9.962248049426321,-70.37801080196381,1.2136807377036614,1.2136807377036614,-12.507666247638896,-70.49587899668052,0.0
360,-7.855980360228596,-67.85132315260086,1.2136807377036614,1.2136807377036614,-7.5852540435689475,-66.20605433989809,0.0
361,-9.222421747567468,-66.41097293264943,1.2136807377036614,1.2136807377036614,-9.2989094891607,-66.564450052236,0.0
362,-12.503560167396572,-67.01274364533293,1.2136807377036614,1.2136807377036614,-12.385643736654874,-67.02010587035105,0.0
363,-10.241909719983406,-67.16678280329185,1.2136807377036614,1.2136807377036614,-9.7249411771393,-66.25279404562116,0.0
364,-6.962914319309174,-66.92280889008057,1.2136807377036614,1.2136807377036614,-7.212186569015991,-66.39001868204966,0.0
365,-5.054344073167445,-61.43425904751768,1.2136807377036614,1.2136807377036614,-5.345903415823938,-62.16579013644103,0.0
366,-1.8636120899621478,-67.24533013079646,1.2136807377036614,1.2136807377036614,-1.4279890669106599,-64.63824989044424,0.0
367,-1.9044080571122313,-67.05559626601651,1.2136807377036614,1.2136807377036614,-1.7594469697140664,-65.3308489702446,0.0
368,-5.85380835319291,-63.40730895317716,1.2136807377036614,1.2136807377036614,-6.566430202124529,-64.53395452844352,0.0
369,-5.111353330890612,-63.68482559467794,1.2136807377036614,1.2136807377036614,-7.4525833516852895,-63.31106980956651,0.0
370,-5.359672419535647,-64.30835066973876,1.2136807377036614,1.2136807377036614,-5.476814296206587,-65.88232689827217,0.0
371,-4.1792145919145,-66.30494487812928,1.2136807377036614,1.2136807377036614,-6.333993471853778,-68.53413866708615,0.0
372,-7.444268583522337,-67.55688527308625,1.2136807377036614,1.2136807377036614,-6.971560463161776,-67.09622965095618,0.0
373,-9.001848098747296,-68.71835412056969,1.2136807377036614,1.2136807377036614,-9.277809947965647,-68.64608947081652,0.0
374,-14.739830563112097,-67.88936860144422,1.2136807377036614,1.2136807377036614,-15.704466034486323,-66.41289969322519,0.0
375,-15.581822507219204,-66.20679034291202,1.2136807377036614,1.2136807377036614,-17.740248908848347,-66.78429487269091,0.0
376,-18.096620054362806,-64.6248378675549,1.2136807377036614,1.2136807377036614,-15.780966898365993,-63.89492283424723,0.0
377,-13.916097901416258,-58.97552827570103,1.2136807377036614,1.2136807377036614,-10.580152372409607,-58.99660584954862,0.0
378,-10.389079975476772,-62.95591789026994,1.2136807377036614,1.2136807377036614,-11.783488620965677,-61.28743557831083,0.0
379,-12.385881692117241,-60.141792827518245,1.2136807377036614,1.2136807377036614,-12.229432039806202,-61.739567405001836,0.0
380,-12.076591845725856,-62.189531374000794,1.2136807377036614,1.2136807377036614,-13.207747177395108,-62.96511858138854,0.0
381,-13.915592623443363,-67.86993706686414,1.2136807377036614,1.2136807377036614,-13.80159385278451,-68.27941638091382,0.0
382,-15.301122845908363,-68.3222976556092,1.2136807377036614,1.2136807377036614,-15.82662854704387,-68.5274986069462,0.0
383,-15.194898255673365,-64.55150902521594,1.2136807377036614,1.2136807377036614,-15.29586817972095,-66.51763583798706,0.0
384,-17.67074944004785,-63.65960977959035,1.2136807377036614,1.2136807377036614,-18.166874704487714,-63.800483645168946,0.0
385,-14.93176344283155,-65.75967753770162,1.2136807377036614,1.2136807377036614,-15.9548311429426,-66.3551767433738,0.0
386,-16.622967685852625,-65.9952596268456,1.2136807377036614,1.2136807377036614,-18.0459138054945,-64.09131502462566,0.0
387,-19.94592440444457,-66.1712546470333,1.2136807377036614,1.2136807377036614,-17.48330941939555,-64.74047226424825,0.0
388,-21.20897645949324,-69.74749033680268,1.2136807377036614,1.2136807377036614,-20.48987032212652,-71.07968924108897,0.0
389,-21.389915037776458,-75.96476802079586,1.2136807377036614,1.2136807377036614,-22.08323138144064,-76.61649016233508,0.0
390,-25.820033173659965,-79.08841280094529,1.2136807377036614,1.2136807377036614,-25.350785452309097,-77.14702457709446,0.0
391,-21.393708613185154,-78.80684942167449,1.2136807377036614,1.2136807377036614,-22.053767205772107,-78.55475195884384,0.0
392,-20.14191695810245,-87.03765308258414,1.2136807377036614,1.2136807377036614,-20.981667201968154,-86.8710760198547,0.0
393,-20.301126008077027,-84.50734951286167,1.2136807377036614,1.2136807377036614,-21.158477965460335,-84.27014022009925,0.0
394,-19.12726871982068,-85.43012564062255,1.2136807377036614,1.2136807377036614,-18.822706505816903,-86.60012522091402,0.0
395,-17.475904370826683,-83.76622515101172,1.2136807377036614,1.2136807377036614,-18.51176322718994,-82.89933182668207,0.0
396,-18.87825310259449,-83.88461763417655,1.2136807377036614,1.2136807377036614,-18.53288555338013,-85.69753833136356,0.0
397,-18.549238504053406,-87.38357050421274,1.2136807377036614,1.2136807377036614,-17.581071607653456,-86.78298499739581,0.0
398,-15.053860217844665,-87.7933415726661,1.2136807377036614,1.2136807377036614,-13.943418229380836,-87.75078170407626,0.0
399,-8.226697549500052,-90.4077996006986,1.2136807377036614,1.2136807377036614,-7.9048967124949145,-89.80483468964148,0.0
400,-3.4640088089469154,-92.1856450782225,1.2136807377036614,1.2136807377036614,-2.833537390323375,-91.85667626506732,0.0
401,-0.6048659365613696,-93.14662968759936,1.2136807377036614,1.2136807377036614,0.2823607184372041,-93.64008390600006,0.0
402,0.8940235489971751,-96.6587403550136,1.2136807377036614,1.2136807377036614,1.8940376427774515,-95.43036221585386,0.0
403,3.33514105116286,-98.4654227388415,1.2136807377036614,1.2136807377036614,2.2996647411038103,-97.78733202581464,0.0
404,4.641205214572603,-97.74084223229903,1.2136807377036614,1.2136807377036614,4.9977681322177405,-95.71377366156865,0.0
405,8.953432363583932,-90.92526090591122,1.2136807377036614,1.2136807377036614,7.778106466900029,-90.4221274511645,0.0
406,9.20264672985525,-89.71293593136552,1.2136807377036614,1.2136807377036614,9.508257438156669,-91.70000359724632,0.0
407,11.064029935205017,-96.33998350881866,1.2136807377036614,1.2136807377036614,12.800604241824756,-98.49216767048605,0.0
408,13.700555347354928,-102.04935759693878,1.2136807377036614,1.2136807377036614,13.624535638595088,-102.91294961438719,0.0
409,12.367243372083308,-98.90401044076299,1.2136807377036614,1.2136807377036614,11.66691572883571,-97.95671078618422,0.0
410,16.97001729755486,-97.10554826725509,1.2136807377036614,1.2136807377036614,15.80516888946654,-96.04367848050316,0.0
411,15.157342499778482,-93.24635923513561,1.2136807377036614,1.2136807377036614,14.580556937615084,-93.47609387278852,0.0
412,18.440489725868773,-85.9136237078772,1.2136807377036614,1.2136807377036614,15.002537164121255,-87.71792901093811,0.0
413,15.938002935463754,-84.88987488137312,1.2136807377036614,1.2136807377036614,16.10268691142836,-85.30606741286896,0.0
414,19.937318026866187,-86.26269057508084,1.2136807377036614,1.2136807377036614,19.679847993763243,-87.25712415261374,0.0
415,20.772962529073702,-86.51069465798737,1.2136807377036614,1.2136807377036614,21.226961217547466,-86.53121270812704,0.0
416,24.095969137489114,-86.87815099142598,1.2136807377036614,1.2136807377036614,25.059524720658302,-86.59055629637731,0.0
417,19.707700987586392,-85.0631041608919,1.2136807377036614,1.2136807377036614,18.692530185537535,-85.26906858763026,0.0
418,22.975433215475377,-84.45698643458505,1.2136807377036614,1.2136807377036614,21.8595268497567,-84.27012420179675,0.0
419,26.67872741421811,-89.51088109374409,1.2136807377036614,1.2136807377036614,25.615134728190913,-89.80932003065108,0.0
420,26.065769611910845,-86.20406470183886,1.2136807377036614,1.2136807377036614,27.088426348292632,-84.80949065079436,0.0
421,22.100055428422284,-82.46942945755671,1.2136807377036614,1.2136807377036614,22.15516043537017,-82.41857599332036,0.0
422,20.870009989987214,-83.00248951031371,1.2136807377036614,1.2136807377036614,19.663318607140653,-84.03086559077772,0.0
423,20.535905435425764,-86.99120357131258,1.2136807377036614,1.2136807377036614,19.841077081163515,-84.95993566844992,0.0
424,18.43982349069592,-82.92429459007842,1.2136807377036614,1.2136807377036614,17.20657454328175,-83.27978852749543,0.0
425,16.924093360558597,-85.31829093626382,1.2136807377036614,1.2136807377036614,17.450237572866303,-84.09349323143607,0.0
426,18.413060964596923,-82.52000873773198,1.2136807377036614,1.2136807377036614,18.067910272956134,-81.06106747160239,0.0
427,19.457969466397504,-79.55149169015199,1.2136807377036614,1.2136807377036614,20.282641383590356,-81.2299027965898,0.0
428,18.18462282951858,-75.69078833715304,1.2136807377036614,1.2136807377036614,18.4620441974851,-75.30525336220218,0.0
429,19.51680817294196,-74.806291685222,1.2136807377036614,1.2136807377036614,20.460618762594514,-73.52846022931752,0.0
430,23.034991303004233,-68.88764686972766,1.2136807377036614,1.2136807377036614,23.770935800717453,-68.19318136530819,0.0
431,17.72851401193774,-69.83889156395567,1.2136807377036614,1.2136807377036614,16.17581085464556,-70.65562904661195,0.0
432,10.546509714943522,-77.63139307509661,1.2136807377036614,1.2136807377036614,8.59428738257225,-77.37175430433709,0.0
433,6.8026977702258336,-78.85481224072082,1.2136807377036614,1.2136807377036614,8.589489937533285,-78.13317416990975,0.0
434,10.253803093738846,-77.71031637135121,1.2136807377036614,1.2136807377036614,10.674110498644044,-79.9202679952133,0.0
435,15.413566487336006,-87.83233858951678,1.2136807377036614,1.2136807377036614,16.696701981639848,-87.15514730579521,0.0
436,12.13942136765128,-87.76510315737356,1.2136807377036614,1.2136807377036614,11.49312427544821,-88.22855344446319,0.0
437,9.900423783305499,-89.21721168637102,1.2136807377036614,1.2136807377036614,10.018300867923733,-90.23714989118552,0.0
438,7.422088839820191,-85.45143302542337,1.2136807377036614,1.2136807377036614,8.414345585335033,-85.91727085552654,0.0
439,8.061381980125187,-85.38146124201191,1.2136807377036614,1.2136807377036614,7.477320812867182,-84.31350259929454,0.0
440,4.728761927324655,-82.3807415501714,1.2136807377036614,1.2136807377036614,3.096131762181387,-81.16173364486139,0.0
441,3.87208306380429,-79.51154494056087,1.2136807377036614,1.2136807377036614,3.4859789029328456,-79.37580061571138,0.0
442,-3.027200563133773,-76.96629991850612,1.2136807377036614,1.2136807377036614,-3.2320579646739893,-77.40716640315483,0.0
443,-1.5529052280563698,-77.29502847570937,1.2136807377036614,1.2136807377036614,-2.273759908584886,-77.29497987252448,0.0
444,3.7790844307064773,-76.66794179786018,1.2136807377036614,1.2136807377036614,5.121061643918447,-77.26096168949996,0.0
445,3.883451543313057,-77.13765500588303,1.2136807377036614,1.2136807377036614,2.635909727525651,-76.54027052616563,0.0
446,4.2838102934154705,-78.44058696292572,1.2136807377036614,1.2136807377036614,2.6303358556737586,-78.10081091417263,0.0
447,4.028207922110096,-77.7576026830746,1.2136807377036614,1.2136807377036614,4.372058907915457,-77.20377598582624,0.0
448,5.129297538003056,-76.68040295282559,1.2136807377036614,1.2136807377036614,4.4807236157185795,-75.31170688033072,0.0
449,1.6448297186352439,-69.18387586613734,1.2136807377036614,1.2136807377036614,2.748786952653247,-68.45824881035374,0.0
450,-0.22669572832027862,-67.21541623644488,1.2136807377036614,1.2136807377036614,-1.1020118143010174,-68.82650081529393,0.0
451,2.4615527472487386,-68.82842587906103,1.2136807377036614,1.2136807377036614,1.7439640958011582,-70.26097657834158,0.0
452,2.76315342070968,-72.225615378461,1.2136807377036614,1.2136807377036614,1.8038947900588054,-75.42938359931611,0.0
453,3.0308120662318756,-78.15658356623756,1.2136807377036614,1.2136807377036614,0.09857848293966476,-77.63065050047658,0.0
454,-0.7453639557884877,-75.72862530876493,1.2136807377036614,1.2136807377036614,-2.4487778541387453,-74.28283992213085,0.0
455,-1.3409426817112204,-71.90501898019359,1.2136807377036614,1.2136807377036614,-2.4099659538152016,-72.24313191490974,0.0
456,-5.688261901232295,-65.88276589369207,1.2136807377036614,1.2136807377036614,-4.152110475710991,-67.74177270232113,0.0
457,-6.345942802651081,-67.21082926107661,1.2136807377036614,1.2136807377036614,-4.474380740809434,-64.71215508883543,0.0
458,-8.157399316135301,-62.93048603116381,1.2136807377036614,1.2136807377036614,-7.53060308656405,-61.92499254770802,0.0
459,-3.348137579058805,-58.489772407242484,1.2136807377036614,1.2136807377036614,-4.057091649965873,-56.90629132949434,0.0
460,-1.8185222859570291,-51.45617065462286,1.2136807377036614,1.2136807377036614,-1.6641532689832128,-52.398437377953016,0.0
461,-1.4461461977268297,-52.14172947096072,1.2136807377036614,1.2136807377036614,-2.078772552182339,-53.856257010972826,0.0
462,-2.4897410190018516,-54.258145619174876,1.2136807377036614,1.2136807377036614,-0.38429748297414723,-55.08579852823854,0.0
463,-1.5890236288871444,-53.56938049727612,1.2136807377036614,1.2136807377036614,-1.8245438114268964,-54.10212836230352,0.0
464,0.4591752447498163,-54.59495287496438,1.2136807377036614,1.2136807377036614,-0.9886067036071974,-54.899678776389806,0.0
465,2.633412675641047,-54.40978257882679,1.2136807377036614,1.2136807377036614,2.820336896438883,-54.89568781168297,0.0
466,7.154423646864069,-52.582078260172516,1.2136807377036614,1.2136807377036614,7.961019911798804,-51.88941859618946,0.0
467,8.834905256197365,-53.176992687646894,1.2136807377036614,1.2136807377036614,9.673924284703862,-52.405964790391636,0.0
468,11.224465794310598,-51.90750021807352,1.2136807377036614,1.2136807377036614,12.601486954917052,-52.000181535371766,0.0
469,11.44120110651467,-54.016357024839685,1.2136807377036614,1.2136807377036614,9.844014767032462,-55.194711710728335,0.0
470,3.0219330684482113,-57.61326147885697,1.2136807377036614,1.2136807377036614,2.8692004357213605,-57.35313722455337,0.0
471,-2.670549050490182,-53.5445862561387,1.2136807377036614,1.2136807377036614,-3.4763193723343138,-54.28120001399053,0.0
472,-1.1116703296833006,-52.203426259120114,1.2136807377036614,1.2136807377036614,-1.5841218234021117,-52.93740970954548,0.0
473,2.014572527757765,-53.204127205743696,1.2136807377036614,1.2136807377036614,1.40493057070626,-53.683600187076,0.0
474,-0.1986583612045978,-50.77951584021813,1.2136807377036614,1.2136807377036614,0.7735062148445889,-51.741606571195895,0.0
475,4.310919085632606,-53.3925899892857,1.2136807377036614,1.2136807377036614,6.237024066756132,-52.407345661405365,0.0
476,4.8400714429876945,-50.87844050477911,1.2136807377036614,1.2136807377036614,5.9147956473052545,-48.71011747995107,0.0
477,4.295242515783649,-47.09310240648168,1.2136807377036614,1.2136807377036614,3.597417247697292,-47.33619147388036,0.0
478,8.387996195209585,-49.60869571902985,1.2136807377036614,1.2136807377036614,8.315131742067543,-50.574104938676825,0.0
479,7.290969225048277,-49.05441738005184,1.2136807377036614,1.2136807377036614,8.05399464019837,-49.8758813810048,0.0
480,4.770801443642213,-45.70386386962896,1.2136807377036614,1.2136807377036614,5.186426813244749,-46.13812364723339,0.0
481,10.967433081024534,-43.02641099693051,1.2136807377036614,1.2136807377036614,12.012215826904141,-42.006189189269236,0.0
482,7.882228487823813,-41.63573227507526,1.2136807377036614,1.2136807377036614,7.307083156488478,-42.994982169441315,0.0
483,9.208214695105948,-48.20279603073706,1.2136807377036614,1.2136807377036614,9.615749718528189,-49.04854518107948,0.0
484,11.973456895147045,-47.13160127525223,1.2136807377036614,1.2136807377036614,11.974561860857627,-44.92737374716888,0.0
485,13.370146445784528,-46.77454644236448,1.2136807377036614,1.2136807377036614,11.245779458434567,-46.83586840323572,0.0
486,13.288627662236157,-43.54606213305249,1.2136807377036614,1.2136807377036614,14.457666001730384,-43.39823239751125,0.0
487,15.107274853123943,-40.196886296998294,1.2136807377036614,1.2136807377036614,18.043992465654323,-41.531743522513985,0.0
488,21.516187812483214,-38.117149475842254,1.2136807377036614,1.2136807377036614,20.322260074840365,-36.00555315441699,0.0
489,21.59587792451636,-34.00027575858928,1.2136807377036614,1.2136807377036614,20.419765026228298,-31.44862442714188,0.0
490,17.526557668672964,-31.454070493768103,1.2136807377036614,1.2136807377036614,17.22982932653372,-30.550879735119622,0.0
491,22.909287345431146,-31.12351852161278,1.2136807377036614,1.2136807377036614,21.871634485430167,-31.104883583839655,0.0
492,20.035610984038165,-29.77962231973771,1.2136807377036614,1.2136807377036614,17.69042007726566,-31.07831787241809,0.0
493,18.015786122367548,-34.78569198851456,1.2136807377036614,1.2136807377036614,15.950546783073491,-37.24795082912564,0.0
494,18.104281112974228,-33.95593218282342,1.2136807377036614,1.2136807377036614,18.88851222048396,-32.84150286364354,0.0
495,14.44550147172861,-32.26959134208792,1.2136807377036614,1.2136807377036614,14.860511692359715,-32.56178671683763,0.0
496,19.473049038618022,-29.946286753588335,1.2136807377036614,1.2136807377036614,19.068170801384927,-28.77743778164042,0.0
497,19.42881505618598,-27.554551052962175,1.2136807377036614,1.2136807377036614,18.660951200989267,-27.1466120661225,0.0
498,16.093137729201175,-27.604598571040565,1.2136807377036614,1.2136807377036614,18.035332185524002,-28.209473636200837,0.0
499,14.705440723137123,-25.371963152548908,1.2136807377036614,1.2136807377036614,16.81489199257186,-25.926789753844204,0.0
