t,x1_est,x2_est,x3_est,x4_est,x1_std,x2_std,x3_std,x4_std,x1_real,x2_real,reset
0,-2.1670182565878946,0.8035816878413359,-1.0871148159089021,0.40312791827647715,1.2994520105795921,1.2994520105795921,22.500061004102527,22.500061004102527,-2.7982999560732624,2.495500836056697,0.0
1,-8.578655899542342,5.784699970663897,-6.402617517179953,4.973362836893608,1.2978638212862448,1.2978638212862448,2.588278360868183,2.588278360868183,-6.95845000723085,7.089476400502884,0.0
2,-6.046054667185693,3.5009091450879737,1.5256930708898757,-1.4659835108822534,1.232757710652878,1.232757710652878,2.454131929300281,2.454131929300281,-3.6421476236560664,2.7357353880300677,0.0
3,-7.46642287780156,5.309670284071236,-1.159580588293708,1.5188782107794916,1.2259160461662253,1.2259160461662253,2.448519261914731,2.448519261914731,-7.944412907957032,4.811185419562348,0.0
4,-13.295150085678488,4.033512816827407,-5.413789442793498,-1.0277682106924968,1.2259083237378232,1.2259083237378232,2.4447156238229932,2.4447156238229932,-12.220525589466146,5.06640794433689,0.0
5,-14.228402595195377,5.213458620952046,-1.331823511869775,0.9835562193721961,1.2258096137584042,1.2258096137584042,2.4446097694943414,2.4446097694943414,-14.703881932926178,4.586274428907278,0.0
6,-16.06055293216308,4.315449127671512,-1.7876603755170493,-0.7306972848927253,1.2258022648575673,1.2258022648575673,2.4445956802985305,2.4445956802985305,-16.15211559659912,6.872761050881561,0.0
7,-15.147094665367105,6.3056748784128125,0.67326623646461,1.748272650989757,1.2258021810452666,1.2258021810452666,2.444590544828374,2.444590544828374,-13.832183906470597,4.992499124836722,0.0
8,-13.28351312751146,7.416050207029894,1.757734911310668,1.1670991895775489,1.2258020315396851,1.2258020315396851,2.444590473319374,2.444590473319374,-13.652984369915853,7.336769466777593,0.0
9,-10.511307582158183,7.717731239455189,2.681995631102652,0.3786367324010904,1.2258020243760734,1.2258020243760734,2.4445904439556863,2.4445904439556863,-11.862097084220135,8.798835228662893,0.0
10,-13.2970503798138,4.743314032499219,-2.2995343123937304,-2.67625311258717,1.2258020240698602,1.2258020240698602,2.4445904373894245,2.4445904373894245,-12.592015874836301,4.315895269644647,0.0
11,-13.428726906677793,6.172983104226127,-0.32444925406792513,1.0645575674388463,1.225802023856031,1.225802023856031,2.4445904373593788,2.4445904373593788,-14.740231677715446,4.541132507685075,0.0
12,-10.399067428603685,4.192933191643695,2.7314015888436467,-1.7093138473426812,1.2258020238499283,1.2258020238499283,2.444590437305106,2.444590437305106,-10.75759449253121,5.836595142707685,0.0
13,-12.790116025510887,2.455296606885608,-1.9355442283315938,-1.7351180379387103,1.225802023849152,1.225802023849152,2.44459043729719,2.44459043729719,-13.811171570085786,1.741144035436542,0.0
14,-15.062898497757503,2.58286379560769,-2.2427941877766795,-0.038068635396160344,1.2258020238488623,1.2258020238488623,2.4445904372971876,2.4445904372971876,-15.852574598542805,4.948826240646859,0.0
15,-13.23333597098543,3.6441130151339003,1.4674357697318787,0.963494421097769,1.225802023848858,1.225802023848858,2.444590437297096,2.444590437297096,-13.605389971570768,4.351322158241469,0.0
16,-12.45818231117463,1.4755345371459798,0.8367135606237759,-1.890064712799465,1.2258020238488565,1.2258020238488565,2.444590437297087,2.444590437297087,-13.62644335710143,0.7420082109315849,0.0
17,-13.860745343468443,-2.790440951678945,-1.2034395203941033,-4.054702035970159,1.225802023848856,1.225802023848856,2.444590437297087,2.444590437297087,-13.354761102954658,-1.2539671770348833,0.0
18,-16.10072288281451,-2.0315757836911494,-2.1478053212270147,0.3308276448658569,1.225802023848856,1.225802023848856,2.444590437297087,2.444590437297087,-16.119508047609322,-0.1538179122334613,0.0
19,-13.463004606141766,-2.987775362932835,2.212174479132675,-0.8417530738008723,1.225802023848856,1.225802023848856,2.444590437297087,2.444590437297087,-12.167461975871886,-0.96994478756789,0.0
20,-16.810278964477973,0.058313483156325674,-2.852910696319263,2.7003697244549962,1.225802023848856,1.225802023848856,2.444590437297087,2.444590437297087,-16.994380401701747,-0.43122768076139073,0.0
21,-14.084585232594346,0.37196038710664325,2.229626694539344,0.5258817977786219,1.225802023848856,1.225802023848856,2.444590437297087,2.444590437297087,-14.50868351661833,-2.3304238587900508,0.0
22,-14.37100363195141,-6.113403464370192,-0.06268376256441988,-5.861901854469891,1.225802023848856,1.225802023848856,2.444590437297087,2.444590437297087,-15.678848949461186,-8.386166381123052,0.0
23,-17.255639282125617,-6.5757957217347895,-2.633698819927282,-0.9425336194957223,1.225802023848856,1.225802023848856,2.444590437297087,2.444590437297087,-16.508547443455992,-7.534371794240623,0.0
24,-19.422830536827576,-2.372141817576754,-2.2086745734707276,3.7460387369002586,1.225802023848856,1.225802023848856,2.444590437297087,2.444590437297087,-19.455422547214507,-2.501603854896958,0.0
25,-24.288278153341274,-3.3175260580624135,-4.629199008224573,-0.5282081658467828,1.225802023848856,1.225802023848856,2.444590437297087,2.444590437297087,-23.917942775804697,-2.4278001700559373,0.0
26,-23.08023094340783,-0.3492098666240886,0.6889809318063191,2.6573942572442357,1.225802023848856,1.225802023848856,2.444590437297087,2.444590437297087,-23.672763328731058,2.1539403887863657,0.0
27,-28.063038868107007,1.7034739473076752,-4.478454635144393,2.1064565669430046,1.225802023848856,1.225802023848856,2.444590437297087,2.444590437297087,-29.966267714821686,1.2398484073098217,0.0
28,-29.114030462790268,3.8899545583788893,-1.3557723795499705,2.1793646215799543,1.225802023848856,1.225802023848856,2.444590437297087,2.444590437297087,-30.662635586357045,3.1233568318609963,0.0
29,-29.681697483075517,5.618395560950576,-0.6377478255685769,1.7685385478679847,1.225802023848856,1.225802023848856,2.444590437297087,2.444590437297087,-29.012762867467618,5.700500117310463,0.0
30,-28.70864279769189,9.224182251384995,0.8298170639249207,3.4424128117737265,1.225802023848856,1.225802023848856,2.444590437297087,2.444590437297087,-27.7060508102804,8.234739498370892,0.0
31,-31.505463563063692,3.117901138890847,-2.4743287323456324,-5.257181240567064,1.225802023848856,1.225802023848856,2.444590437297087,2.444590437297087,-30.09102596849091,2.0942488101684837,0.0
32,-29.356160142875375,-0.5783629506339012,1.7381555187379596,-3.835065748008156,1.225802023848856,1.225802023848856,2.444590437297087,2.444590437297087,-27.39832328036922,-0.24344073106101183,0.0
33,-31.659628916895603,0.05114645056705047,-1.9440748405068016,0.2325053483463675,1.225802023848856,1.225802023848856,2.444590437297087,2.444590437297087,-30.249445337240367,-0.17778951425703987,0.0
34,-26.82730560024395,-0.3713947641719283,4.229744696684913,-0.3642924157688422,1.225802023848856,1.225802023848856,2.444590437297087,2.444590437297087,-25.606996272461608,-0.36330355299826134,0.0
35,-19.892190157557216,-3.225302258056801,6.694545373925044,-2.632523097155648,1.225802023848856,1.225802023848856,2.444590437297087,2.444590437297087,-19.15716982886025,0.004215650884916211,0.0
36,-20.631892056130848,-3.7064152763752007,-0.07862526788281254,-0.6724231636525857,1.225802023848856,1.225802023848856,2.444590437297087,2.444590437297087,-20.4150627279214,-0.9434848097851944,0.0
37,-17.15799891159714,1.0807805565224262,3.157992042987746,4.301709354065194,1.225802023848856,1.225802023848856,2.444590437297087,2.444590437297087,-18.76980149419671,0.06059381531791752,0.0
38,-17.179004102416698,7.178089534978581,0.26168123367899376,5.937638616918246,1.225802023848856,1.225802023848856,2.444590437297087,2.444590437297087,-15.48956085078651,3.9898425583104116,0.0
39,-13.753955617307327,2.5492735521470173,3.143751927763305,-3.6892136331773617,1.225802023848856,1.225802023848856,2.444590437297087,2.444590437297087,-14.604837734214822,2.1677371745710072,0.0
40,-9.567225919912183,2.3482653206266897,4.093984836407773,-0.5111904180364215,1.225802023848856,1.225802023848856,2.444590437297087,2.444590437297087,-11.099386147306458,0.8290192264120948,0.0
41,-10.816369951724583,5.850494770481802,-0.7740162212785116,3.1453435424374026,1.225802023848856,1.225802023848856,2.444590437297087,2.444590437297087,-11.684025188623679,4.746912021175159,0.0
42,-13.666039789859084,7.2363891419766615,-2.6650961954755603,1.5423501211039954,1.225802023848856,1.225802023848856,2.444590437297087,2.444590437297087,-13.87996234728021,8.786894311608503,0.0
43,-15.416784904858357,6.317878445077,-1.832052086558562,-0.6996832193441394,1.225802023848856,1.225802023848856,2.444590437297087,2.444590437297087,-18.041197600920196,4.290920443776393,0.0
44,-14.877982219782062,8.459675486376383,0.3279788280211826,1.8891236867515009,1.225802023848856,1.225802023848856,2.444590437297087,2.444590437297087,-14.107687231009084,7.845499149618872,0.0
45,-14.28662247072346,2.5395495146924736,0.5679390898465043,-5.225702950335205,1.225802023848856,1.225802023848856,2.444590437297087,2.444590437297087,-14.752845170699361,2.4100947818022638,0.0
46,-12.343776598272875,8.305035452766262,1.8205848404937646,4.788114880681769,1.225802023848856,1.225802023848856,2.444590437297087,2.444590437297087,-12.708317484689916,7.439801788590436,0.0
47,-9.976645523406912,11.881399789225744,2.3185304661033097,3.684117002956814,1.225802023848856,1.225802023848856,2.444590437297087,2.444590437297087,-9.070184957048582,11.955988348453754,0.0
48,-10.209867001648998,21.452690599219558,-0.0063116760934658345,9.047784813758746,1.225802023848856,1.225802023848856,2.444590437297087,2.444590437297087,-10.735556717244878,20.975410723190485,0.0
49,-8.876421794139123,17.688913677568713,1.2143098150359515,-2.624532589912956,1.225802023848856,1.225802023848856,2.444590437297087,2.444590437297087,-10.959890512107137,17.003535994262958,0.0
50,-9.483305400935848,15.554451332519239,-0.4449373643580088,-2.178040931340873,1.225802023848856,1.225802023848856,2.444590437297087,2.444590437297087,-9.316467214316999,17.47560538595576,0.0
51,-4.360234498413292,18.106172704978572,4.627946109143053,2.131136044428702,1.225802023848856,1.225802023848856,2.444590437297087,2.444590437297087,-6.202946850792672,20.136927343175426,0.0
52,-6.685248914934824,21.045904867096706,-1.7067353158738987,2.8678292542004415,1.225802023848856,1.225802023848856,2.444590437297087,2.444590437297087,-8.265431655697965,22.191016537075942,0.0
53,-10.981812775830115,20.927046491611648,-4.066268167753217,0.1467272746536472,1.225802023848856,1.225802023848856,2.444590437297087,2.444590437297087,-10.16621178048408,19.70898101817102,0.0
54,-10.85226391299982,19.791725109718538,-0.2435563735040147,-1.0213175863256847,1.225802023848856,1.225802023848856,2.444590437297087,2.444590437297087,-9.270703359093867,20.229818917715733,0.0
55,-17.083535063238894,20.49191394438768,-5.698824735013606,0.5471070736260537,1.225802023848856,1.225802023848856,2.444590437297087,2.444590437297087,-16.22287603308949,20.11895802199909,0.0
56,-18.27946566635839,19.314988513185355,-1.5963421003374965,-1.0236190428461662,1.225802023848856,1.225802023848856,2.444590437297087,2.444590437297087,-18.22276652890742,18.442207402222905,0.0
57,-22.672236037561724,21.305832837106607,-4.144103181169017,1.7227887679518687,1.225802023848856,1.225802023848856,2.444590437297087,2.444590437297087,-21.455745063066228,21.04919823750912,0.0
58,-14.632608020059017,16.615065769702035,6.956212350141751,-4.120453526978059,1.225802023848856,1.225802023848856,2.444590437297087,2.444590437297087,-14.062200341618876,18.663282347569247,0.0
59,-13.802339527474064,19.619447202317733,1.3750066720823968,2.370818717162284,1.225802023848856,1.225802023848856,2.444590437297087,2.444590437297087,-16.102484107033955,18.777951559017687,0.0
60,-13.836917771726835,19.024327011677208,0.0907664763365752,-0.331379582057556,1.225802023848856,1.225802023848856,2.444590437297087,2.444590437297087,-14.790035651703406,18.607710622578153,0.0
61,-12.452940229809286,21.27390462686355,1.2689811498592813,2.020070790168166,1.225802023848856,1.225802023848856,2.444590437297087,2.444590437297087,-13.348116273465834,21.58376558325071,0.0
62,-11.300441038520972,26.34838078428394,1.162857133106206,4.80286883324426,1.225802023848856,1.225802023848856,2.444590437297087,2.444590437297087,-12.535530403063477,24.706039771648488,0.0
63,-16.234696163315103,25.991505209598806,-4.3920807417457,0.10194511332694134,1.225802023848856,1.225802023848856,2.444590437297087,2.444590437297087,-15.372503690676304,25.39963092940003,0.0
64,-17.95153871167264,20.759820207444207,-1.9547331358448181,-4.757401850565461,1.225802023848856,1.225802023848856,2.444590437297087,2.444590437297087,-17.064711419637028,18.397177655817046,0.0
65,-22.346486147613668,23.905309561041157,-4.177955911642566,2.442739431719808,1.225802023848856,1.225802023848856,2.444590437297087,2.444590437297087,-22.060312936687865,25.148564562593187,0.0
66,-23.95020842475629,24.388457058062706,-1.8326312218318193,0.657400570162042,1.225802023848856,1.225802023848856,2.444590437297087,2.444590437297087,-23.692862271618438,23.500860604277463,0.0
67,-20.70465743654345,19.914896094820953,2.7939830671579275,-4.017299738886927,1.225802023848856,1.225802023848856,2.444590437297087,2.444590437297087,-18.431040618160324,21.16534289830235,0.0
68,-25.44309613329488,23.333858015443212,-4.068632081756533,2.757706164307958,1.225802023848856,1.225802023848856,2.444590437297087,2.444590437297087,-24.71448354339021,22.157811085453815,0.0
69,-26.227957875208208,24.562793110981797,-1.0768649202655562,1.3648782233624694,1.225802023848856,1.225802023848856,2.444590437297087,2.444590437297087,-25.595617026838806,24.688466123053924,0.0
70,-29.300950449853882,24.988340817593254,-2.895490630492173,0.5090759281458633,1.225802023848856,1.225802023848856,2.444590437297087,2.444590437297087,-28.230776205576518,23.672640883829303,0.0
71,-32.486502665837556,23.524405030676327,-3.1597590282403876,-1.2884893847327756,1.225802023848856,1.225802023848856,2.444590437297087,2.444590437297087,-31.011845719525265,24.68132387444028,0.0
72,-31.51273394792454,22.98112241123389,0.6062024405035094,-0.6095487469343943,1.225802023848856,1.225802023848856,2.444590437297087,2.444590437297087,-30.286873908633016,23.55230702340717,0.0
73,-24.515478823532124,22.981932971303408,6.428942634913875,-0.05346450765355415,1.225802023848856,1.225802023848856,2.444590437297087,2.444590437297087,-24.951488906972735,23.23867788723063,0.0
74,-21.926940920699565,25.6180405188044,2.9300387606484026,2.3969423479791647,1.225802023848856,1.225802023848856,2.444590437297087,2.444590437297087,-23.461716798254386,25.066950414330336,0.0
75,-24.90798613732755,26.28659213939738,-2.455413052913989,0.8222455557953394,1.225802023848856,1.225802023848856,2.444590437297087,2.444590437297087,-24.63054206072405,26.16449148571575,0.0
76,-27.799396824989156,21.100070663067598,-2.8526404077928738,-4.652203028395208,1.225802023848856,1.225802023848856,2.444590437297087,2.444590437297087,-27.796792910078096,22.558375144985,0.0
77,-34.34710849723504,20.43179846519269,-6.2191343231034395,-1.0225358474159152,1.225802023848856,1.225802023848856,2.444590437297087,2.444590437297087,-32.25481088059976,19.628212861772706,0.0
78,-34.662751291784296,19.656387177052924,-0.8405998138624797,-0.797386380576032,1.225802023848856,1.225802023848856,2.444590437297087,2.444590437297087,-33.17826606221992,19.218731179791554,0.0
79,-35.23557581773386,18.110575502876962,-0.5966359460741757,-1.4792593450320148,1.225802023848856,1.225802023848856,2.444590437297087,2.444590437297087,-35.77278935249266,15.329073926592454,0.0
80,-39.51173404174385,18.924070087807127,-3.9489635396136453,0.6096157001600213,1.225802023848856,1.225802023848856,2.444590437297087,2.444590437297087,-36.535169255567794,18.95976333516747,0.0
81,-38.60799416174666,16.05815784901309,0.4722222415880566,-2.556857372102293,1.225802023848856,1.225802023848856,2.444590437297087,2.444590437297087,-39.22524037171259,17.121170042162213,0.0
82,-35.28434979981575,19.251629230095052,3.070086945974801,2.682134077091278,1.225802023848856,1.225802023848856,2.444590437297087,2.444590437297087,-36.57597039653287,22.43382565365807,0.0
83,-40.30883585355234,26.29727175089775,-4.304691184210872,6.65762563701802,1.225802023848856,1.225802023848856,2.444590437297087,2.444590437297087,-41.424133259539886,26.297442896183426,0.0
84,-42.438225475458935,30.83113843559611,-2.3228242730331843,4.722718004964852,1.225802023848856,1.225802023848856,2.444590437297087,2.444590437297087,-42.66093563930588,31.98413194024931,0.0
85,-44.224045346865964,31.77899005856856,-1.8335719904152836,1.283524604734438,1.225802023848856,1.225802023848856,2.444590437297087,2.444590437297087,-42.59170526323638,30.765123139054733,0.0
86,-51.1286559631902,34.63573817653578,-6.453677925220436,2.716852139083276,1.225802023848856,1.225802023848856,2.444590437297087,2.444590437297087,-49.376068287377066,33.86534820175039,0.0
87,-55.26437344031647,36.205119577250095,-4.341837804703921,1.6714181048663854,1.225802023848856,1.225802023848856,2.444590437297087,2.444590437297087,-55.459114069799,33.598624088451984,0.0
88,-50.914392772905146,35.458806174545686,3.5770768535473394,-0.5313211189728047,1.225802023848856,1.225802023848856,2.444590437297087,2.444590437297087,-49.41175146607129,34.759012134606415,0.0
89,-52.0895576920021,36.355855930096766,-0.7525806460516549,0.7700345285219432,1.225802023848856,1.225802023848856,2.444590437297087,2.444590437297087,-52.81699265463122,38.34386168709079,0.0
90,-60.685260194438676,39.38982421814107,-7.898267458797809,2.8326521834013114,1.225802023848856,1.225802023848856,2.444590437297087,2.444590437297087,-58.99557932636197,40.424995544045544,0.0
91,-53.16720973268092,38.68605905910243,6.147183024205603,-0.3892958152349819,1.225802023848856,1.225802023848856,2.444590437297087,2.444590437297087,-51.8056052258823,40.40881024878089,0.0
92,-48.24609542011383,40.52750305510301,5.03014019550802,1.6430796015561335,1.225802023848856,1.225802023848856,2.444590437297087,2.444590437297087,-48.34671395721118,39.53803756000664,0.0
93,-51.98295657263612,31.102221402405483,-2.9572718410586365,-8.441048186009036,1.225802023848856,1.225802023848856,2.444590437297087,2.444590437297087,-52.02222117695983,31.391976300426457,0.0
94,-55.727649908347175,31.812272593732494,-3.6746733418182,-0.1036933239873008,1.225802023848856,1.225802023848856,2.444590437297087,2.444590437297087,-55.52558959636628,31.66126562334016,0.0
95,-56.659066298207115,27.827648252565226,-1.1753554191182745,-3.6395197587206143,1.225802023848856,1.225802023848856,2.444590437297087,2.444590437297087,-55.52619967494564,28.35133154021806,0.0
96,-48.33997371175596,32.64585166336184,7.474816432090556,4.066116086918711,1.225802023848856,1.225802023848856,2.444590437297087,2.444590437297087,-48.90182329561494,34.374207132094114,0.0
97,-46.96089179673373,35.33063615262206,1.921133785026118,2.807616835962612,1.225802023848856,1.225802023848856,2.444590437297087,2.444590437297087,-45.908351910071744,33.9217597708301,0.0
98,-45.709988683138796,31.90645770434633,1.3105021311974938,-2.87002762726402,1.225802023848856,1.225802023848856,2.444590437297087,2.444590437297087,-45.578691290486766,32.59601441054742,0.0
99,-39.16931368434991,31.505086425949752,6.075591590811825,-0.6208919590551156,1.225802023848856,1.225802023848856,2.444590437297087,2.444590437297087,-39.37733431023455,32.435437434090225,0.0
100,-35.445666357628156,29.411082904550213,3.932789602016922,-1.963009811805181,1.225802023848856,1.225802023848856,2.444590437297087,2.444590437297087,-35.94485831630311,30.28574792203324,0.0
101,-33.09811807734972,27.18612717482804,2.4885129204624485,-2.201662675497251,1.225802023848856,1.225802023848856,2.444590437297087,2.444590437297087,-34.34514820567063,26.59098467335547,0.0
102,-29.31195477731028,24.577590915676,3.670772150229447,-2.5723557814331155,1.225802023848856,1.225802023848856,2.444590437297087,2.444590437297087,-30.309668100112255,24.159322984888014,0.0
103,-32.8691462559413,27.477211539731965,-2.914458237809338,2.4130352855857007,1.225802023848856,1.225802023848856,2.444590437297087,2.444590437297087,-32.69836871517495,25.898151538443848,0.0
104,-37.2836673134268,28.370171387924064,-4.2811307573908906,1.0281297331467463,1.225802023848856,1.225802023848856,2.444590437297087,2.444590437297087,-37.39629115807432,28.9820747217359,0.0
105,-40.519969644646196,31.33281943566043,-3.32921175840224,2.790624599693488,1.225802023848856,1.225802023848856,2.444590437297087,2.444590437297087,-38.8101195837387,30.626374700074113,0.0
106,-41.40533979296658,31.621847165927722,-1.1026842244221267,0.511477585534363,1.225802023848856,1.225802023848856,2.444590437297087,2.444590437297087,-41.37053525262792,33.45354522218752,0.0
107,-44.40389349363856,31.71347542425114,-2.8299670287939573,0.12896257993754773,1.225802023848856,1.225802023848856,2.444590437297087,2.444590437297087,-43.963746827040396,31.081745456490182,0.0
108,-48.683412327581145,34.41836289525525,-4.15062013199809,2.475828134465988,1.225802023848856,1.225802023848856,2.444590437297087,2.444590437297087,-48.857168285804036,32.88105551180848,0.0
109,-44.38737536608663,34.636033013097844,3.5449336678735026,0.418472625275891,1.225802023848856,1.225802023848856,2.444590437297087,2.444590437297087,-43.90940021894129,35.126041556086186,0.0
110,-46.1297981968369,31.48779183585175,-1.2722544745938045,-2.831077777000841,1.225802023848856,1.225802023848856,2.444590437297087,2.444590437297087,-43.42976077087315,33.30777577748594,0.0
111,-47.789729223829355,32.71266708735679,-1.6254576096223299,0.8642071617787654,1.225802023848856,1.225802023848856,2.444590437297087,2.444590437297087,-47.15904491640877,32.56637148519891,0.0
112,-47.2042042225433,24.27970707532429,0.3889174791846237,-7.606226689215987,1.225802023848856,1.225802023848856,2.444590437297087,2.444590437297087,-47.98729714427543,23.62495403356128,0.0
113,-51.41659426164037,19.79974745971199,-3.803227314282892,-4.757957108553228,1.225802023848856,1.225802023848856,2.444590437297087,2.444590437297087,-50.76901657464667,19.47592140154815,0.0
114,-45.66480250709128,18.72646318084889,4.902129430889668,-1.4009369665078135,1.225802023848856,1.225802023848856,2.444590437297087,2.444590437297087,-45.37179685763673,18.80399224922756,0.0
115,-44.114563483032576,18.932442746902726,1.848299652844862,0.06308749800588087,1.225802023848856,1.225802023848856,2.444590437297087,2.444590437297087,-43.74403453819131,20.69302003257542,0.0
116,-45.805491842033966,20.53690923399495,-1.3762090816411852,1.4674022233715018,1.225802023848856,1.225802023848856,2.444590437297087,2.444590437297087,-45.24189910108578,21.608103878848457,0.0
117,-51.704980271388216,24.84428060444211,-5.49726421468208,4.054832388866626,1.225802023848856,1.225802023848856,2.444590437297087,2.444590437297087,-51.47507310909643,25.25056318462067,0.0
118,-53.38769963340502,24.14803595938111,-2.0219206780864765,-0.27376394424274686,1.225802023848856,1.225802023848856,2.444590437297087,2.444590437297087,-53.999164887078415,23.040514342892493,0.0
119,-56.953391145491494,25.470911639825832,-3.4284145579993073,1.1808974673416344,1.225802023848856,1.225802023848856,2.444590437297087,2.444590437297087,-57.84986301620013,26.01192211973499,0.0
120,-60.37045626711149,26.5959171567934,-3.4180743491701313,1.1299756048435414,1.225802023848856,1.225802023848856,2.444590437297087,2.444590437297087,-60.40543070609551,28.404097942690164,0.0
121,-62.888706045322,24.822218936293503,-2.598265006891873,-1.5154944187264352,1.225802023848856,1.225802023848856,2.444590437297087,2.444590437297087,-62.78291847452833,24.276606587454136,0.0
122,-68.03296778594705,21.40455384401243,-4.917863709890661,-3.248518098136266,1.225802023848856,1.225802023848856,2.444590437297087,2.444590437297087,-66.88294405154643,20.015131103852596,0.0
123,-66.52718837897885,17.873951004061812,0.9345688737697282,-3.5055189782155134,1.225802023848856,1.225802023848856,2.444590437297087,2.444590437297087,-67.02320234822463,19.63242671855465,0.0
124,-71.78817805971711,16.484049927438143,-4.710061143613452,-1.5780284690749897,1.225802023848856,1.225802023848856,2.444590437297087,2.444590437297087,-74.17029389483882,16.922168832481457,0.0
125,-78.26844229990412,14.339602532612046,-6.3228522177149635,-2.0940796438931626,1.225802023848856,1.225802023848856,2.444590437297087,2.444590437297087,-79.26028643155131,14.980558847726932,0.0
126,-83.09450195859733,16.306578674140656,-4.959159156933143,1.6058542986212019,1.225802023848856,1.225802023848856,2.444590437297087,2.444590437297087,-82.67085624812115,14.415660236499534,0.0
127,-79.40684444324418,11.700926869185839,2.918755402954752,-4.053305161649348,1.225802023848856,1.225802023848856,2.444590437297087,2.444590437297087,-79.0074755473425,12.683034666774613,0.0
128,-80.63062599349688,12.541363977816324,-0.8554141458391848,0.40527016664921867,1.225802023848856,1.225802023848856,2.444590437297087,2.444590437297087,-81.13626012342074,14.259571626503185,0.0
129,-85.20765595887156,16.32624579928247,-4.246092190974114,3.4843561321909653,1.225802023848856,1.225802023848856,2.444590437297087,2.444590437297087,-84.95677430567353,17.286799263659407,0.0
130,-84.35825649500214,19.35665360949046,0.3962923325855039,3.0707743215983747,1.225802023848856,1.225802023848856,2.444590437297087,2.444590437297087,-83.118532689812,18.204996946837262,0.0
131,-81.48343097585253,21.088967200529076,2.654426559043659,1.8513337255105495,1.225802023848856,1.225802023848856,2.444590437297087,2.444590437297087,-81.21861829143803,20.669444621424525,0.0
132,-77.19292223364288,24.206536114065848,4.145023172852587,3.0049713012863553,1.225802023848856,1.225802023848856,2.444590437297087,2.444590437297087,-77.9368852780016,23.782627367175525,0.0
133,-77.97684297951898,20.55000108616539,-0.34562356268838457,-3.06417295034149,1.225802023848856,1.225802023848856,2.444590437297087,2.444590437297087,-78.97065142862697,19.722371009158884,0.0
134,-77.13645924790589,21.74358942326018,0.7349202358006828,0.8149748227721538,1.225802023848856,1.225802023848856,2.444590437297087,2.444590437297087,-77.26929540437175,22.449534029046468,0.0
135,-70.75419789562571,21.672732860656744,5.880082032599143,0.007914348040146013,1.225802023848856,1.225802023848856,2.444590437297087,2.444590437297087,-71.4743868554429,20.472879321425513,0.0
136,-74.44480849965917,17.609924622611146,-2.839554537468711,-3.7008267928438014,1.225802023848856,1.225802023848856,2.444590437297087,2.444590437297087,-74.21654182155919,17.00296803570445,0.0
137,-72.71236675429873,18.120632254077968,1.3258854677175833,0.13620475508806784,1.225802023848856,1.225802023848856,2.444590437297087,2.444590437297087,-74.36457485441692,17.314104148038524,0.0
138,-72.62856265207144,14.525878163545686,0.19425388067085758,-3.262985504890412,1.225802023848856,1.225802023848856,2.444590437297087,2.444590437297087,-73.04931420637932,14.27605515057747,0.0
139,-72.95058613998062,10.675126591064041,-0.2761144818171464,-3.7984855666097403,1.225802023848856,1.225802023848856,2.444590437297087,2.444590437297087,-71.9015746414834,11.968398787481682,0.0
140,-69.23791547208606,9.073237418849414,3.3579753570356328,-1.7972174267328893,1.225802023848856,1.225802023848856,2.444590437297087,2.444590437297087,-68.11140653533467,10.23667961599863,0.0
141,-66.34914652504341,10.987843138614718,2.9304922555696864,1.584538740626138,1.225802023848856,1.225802023848856,2.444590437297087,2.444590437297087,-66.91609382125911,10.505981434753856,0.0
142,-66.0004882095026,11.349088468647745,0.5782431032827167,0.47002442448321324,1.225802023848856,1.225802023848856,2.444590437297087,2.444590437297087,-65.91521060595645,9.873226116456935,0.0
143,-66.49760218086143,9.450683452450857,-0.4014898408132427,-1.6877968271922332,1.225802023848856,1.225802023848856,2.444590437297087,2.444590437297087,-66.18255024597833,9.074621718845403,0.0
144,-62.99473847606734,11.35688989491489,3.155676317510924,1.5866163770400192,1.225802023848856,1.225802023848856,2.444590437297087,2.444590437297087,-62.552973262114136,11.673024470580092,0.0
145,-59.009877862277335,11.925366685722311,3.9111269403307327,0.6590129624692721,1.225802023848856,1.225802023848856,2.444590437297087,2.444590437297087,-58.92780430216673,12.585930844743082,0.0
146,-61.16356363877544,14.494207004372237,-1.6143835701478375,2.3990124682237557,1.225802023848856,1.225802023848856,2.444590437297087,2.444590437297087,-62.156935026030666,14.827473026947633,0.0
147,-66.0541673525787,18.413287784787336,-4.599271922623654,3.78391152905583,1.225802023848856,1.225802023848856,2.444590437297087,2.444590437297087,-65.29424576517832,18.23363400531378,0.0
148,-65.59353384002476,25.166490496234346,0.01069081975767805,6.489164008072626,1.225802023848856,1.225802023848856,2.444590437297087,2.444590437297087,-68.58444141320925,24.00395851236967,0.0
149,-65.6597176045091,25.80100672958317,-0.05934783486380116,1.1551299125727406,1.225802023848856,1.225802023848856,2.444590437297087,2.444590437297087,-67.26952779379654,23.861940875416867,0.0
150,-67.93645024949788,22.732432145781498,-2.079555819213151,-2.6929895063687566,1.225802023848856,1.225802023848856,2.444590437297087,2.444590437297087,-68.83068329695786,23.596953928504103,0.0
151,-61.61146853403946,24.900530591938082,5.5776238253747135,1.735835228731065,1.225802023848856,1.225802023848856,2.444590437297087,2.444590437297087,-62.17016396423968,25.80788565879205,0.0
152,-68.21738198095882,18.14395222533399,-5.522515024101347,-6.001406261042675,1.225802023848856,1.225802023848856,2.444590437297087,2.444590437297087,-65.59000138734474,19.287591334172564,0.0
153,-61.56018653031944,17.34701849865581,5.574137318686093,-1.2597317802576118,1.225802023848856,1.225802023848856,2.444590437297087,2.444590437297087,-62.30653140389199,19.35468354766819,0.0
154,-58.38138159692088,19.590538016576463,3.391805416784189,1.93199940300194,1.225802023848856,1.225802023848856,2.444590437297087,2.444590437297087,-61.96703630187249,20.84446465102573,0.0
155,-65.63152660336675,18.825299893316846,-6.303829330911027,-0.5253912859570784,1.225802023848856,1.225802023848856,2.444590437297087,2.444590437297087,-67.63293926149385,18.429555131415896,0.0
156,-73.81190297348886,13.276343527236094,-8.013507910069183,-5.1022451718608135,1.225802023848856,1.225802023848856,2.444590437297087,2.444590437297087,-73.50879205658573,14.310299839982605,0.0
157,-77.04632772840557,9.747782302192263,-3.659395848047657,-3.668498147129063,1.225802023848856,1.225802023848856,2.444590437297087,2.444590437297087,-76.6210598744719,11.789135293878683,0.0
158,-76.50236696295823,12.724188709373166,0.17018508570627944,2.3855206116175163,1.225802023848856,1.225802023848856,2.444590437297087,2.444590437297087,-76.34374640806642,13.891284461442877,0.0
159,-77.70985452199186,10.12359001547385,-1.0849805779235604,-2.1572172956362943,1.225802023848856,1.225802023848856,2.444590437297087,2.444590437297087,-76.98227344145981,8.557851737857074,0.0
160,-74.40046987714501,9.272067302190798,2.9186238792962564,-0.967629178884003,1.225802023848856,1.225802023848856,2.444590437297087,2.444590437297087,-73.10467612999965,8.484074442576295,0.0
161,-74.27909174368877,9.931516189549768,0.3701180159343016,0.5147639923754712,1.225802023848856,1.225802023848856,2.444590437297087,2.444590437297087,-73.93142547383312,10.46511942397932,0.0
162,-75.22532205679089,12.296307259739594,-0.8291764828651189,2.200280848447197,1.225802023848856,1.225802023848856,2.444590437297087,2.444590437297087,-74.13941773630184,11.38139739730072,0.0
163,-77.29887605184902,9.978221006146569,-1.9629000360337825,-1.91629885124354,1.225802023848856,1.225802023848856,2.444590437297087,2.444590437297087,-76.06496904203946,8.297304063957974,0.0
164,-75.90028048221593,10.577124090735488,1.0996808163806886,0.3752434240610696,1.225802023848856,1.225802023848856,2.444590437297087,2.444590437297087,-74.63896758955809,9.251846948449696,0.0
165,-78.95472427090894,11.655947455141073,-2.6850459738596304,1.0162588250062559,1.225802023848856,1.225802023848856,2.444590437297087,2.444590437297087,-77.88787460528832,9.643278260769419,0.0
166,-77.39919130243186,8.266164275673802,1.1784473622787606,-2.997984077791628,1.225802023848856,1.225802023848856,2.444590437297087,2.444590437297087,-76.65187978634907,10.092895375568027,0.0
167,-77.49033977024236,9.636298336953718,0.0217479832934786,0.9817072688971673,1.225802023848856,1.225802023848856,2.444590437297087,2.444590437297087,-76.38110604002092,10.286951223276272,0.0
168,-77.4285379948476,7.917470060327226,0.058240066326153916,-1.4786881690866562,1.225802023848856,1.225802023848856,2.444590437297087,2.444590437297087,-77.55215040567674,9.287407080134074,0.0
169,-73.63391445112846,5.838056701997623,3.4623725827723435,-2.0259949866344744,1.225802023848856,1.225802023848856,2.444590437297087,2.444590437297087,-72.03827907087027,5.37172591801831,0.0
170,-63.8978777990457,9.22408479041476,9.178162727123592,2.9047739885015744,1.225802023848856,1.225802023848856,2.444590437297087,2.444590437297087,-63.53211942807719,10.017974777260665,0.0
171,-65.46772886426993,7.662349030341545,-0.6141039015876313,-1.1645596765632709,1.225802023848856,1.225802023848856,2.444590437297087,2.444590437297087,-68.62665167783365,8.157514477377184,0.0
172,-67.43597496149664,8.983173668107932,-1.8478315175986075,1.099816453848847,1.225802023848856,1.225802023848856,2.444590437297087,2.444590437297087,-67.43657952033583,7.634033632146542,0.0
173,-69.70100024533055,2.5564140371674187,-2.22792710304723,-5.757472832103876,1.225802023848856,1.225802023848856,2.444590437297087,2.444590437297087,-68.49189125635893,0.036604990502678625,0.0
174,-67.43659513536885,-0.16971739008076758,1.8649328117633615,-2.995687831406107,1.225802023848856,1.225802023848856,2.444590437297087,2.444590437297087,-66.94380705452978,0.12671455044691082,0.0
175,-66.45104096731984,0.7802346898744092,1.0637512806253735,0.5990933792806623,1.225802023848856,1.225802023848856,2.444590437297087,2.444590437297087,-64.61856233796496,0.3001876870639426,0.0
176,-63.53447156536535,-1.4372615115763163,2.751810991851263,-1.9670362043832679,1.225802023848856,1.225802023848856,2.444590437297087,2.444590437297087,-62.56495609201797,-0.24191049861519331,0.0
177,-61.59491346860339,-0.9447591355593423,2.0117861768180085,0.27379247598447387,1.225802023848856,1.225802023848856,2.444590437297087,2.444590437297087,-62.38352247022706,-0.22288554984798434,0.0
178,-65.15493136430939,-1.6639568082847114,-3.0645555673598,-0.6308978680838635,1.225802023848856,1.225802023848856,2.444590437297087,2.444590437297087,-63.1217290256266,-0.8935793830416666,0.0
179,-58.80511681549652,3.180369210926371,5.512659172034029,4.357451904452954,1.225802023848856,1.225802023848856,2.444590437297087,2.444590437297087,-58.14116693873256,2.742192979790114,0.0
180,-57.51516515382116,8.032966464612144,1.6654480839785784,4.808567373164588,1.225802023848856,1.225802023848856,2.444590437297087,2.444590437297087,-59.26397622005134,9.70527869577791,0.0
181,-55.9272193930755,11.955726825567666,1.5948375108900323,4.001529104260538,1.225802023848856,1.225802023848856,2.444590437297087,2.444590437297087,-55.52281875494973,13.871158473840396,0.0
182,-57.60366628696381,15.662595496988404,-1.385554004120946,3.7330708031227906,1.225802023848856,1.225802023848856,2.444590437297087,2.444590437297087,-55.424227211190725,16.236302542133416,0.0
183,-60.21118746114145,17.71196083371455,-2.4988600132038554,2.199085718091278,1.225802023848856,1.225802023848856,2.444590437297087,2.444590437297087,-58.03947575500003,17.672856440871698,0.0
184,-60.35546318429344,20.969452914032384,-0.35365275785235495,3.1633752603903096,1.225802023848856,1.225802023848856,2.444590437297087,2.444590437297087,-59.12532136025034,21.64071834472066,0.0
185,-60.75258439082611,21.40431797703269,-0.3932558554699983,0.6774927644985729,1.225802023848856,1.225802023848856,2.444590437297087,2.444590437297087,-59.002863351452746,21.257700126970754,0.0
186,-61.078808962639044,20.259546342688957,-0.3321852042114371,-0.9827301572636196,1.225802023848856,1.225802023848856,2.444590437297087,2.444590437297087,-62.565403678968934,22.43655743499459,0.0
187,-59.09300048638822,26.40997332915119,1.7796851935465656,5.516124236242099,1.225802023848856,1.225802023848856,2.444590437297087,2.444590437297087,-58.163110451215374,28.320181604648212,0.0
188,-57.77622800141779,30.349991905071324,1.3579361377885903,4.080170844380824,1.225802023848856,1.225802023848856,2.444590437297087,2.444590437297087,-57.76786482367343,29.273317708227367,0.0
189,-50.98217649116212,29.704708161798877,6.310655047540317,-0.2250814708992408,1.225802023848856,1.225802023848856,2.444590437297087,2.444590437297087,-50.34765386654912,29.76278354540504,0.0
190,-48.35477102058742,30.18164539366825,2.9549315981143653,0.41451152262171564,1.225802023848856,1.225802023848856,2.444590437297087,2.444590437297087,-48.44241885189774,29.20022310253285,0.0
191,-44.09277690135211,25.918435296867074,4.145766012220184,-3.8472523899709143,1.225802023848856,1.225802023848856,2.444590437297087,2.444590437297087,-44.66201085488807,25.391125076631166,0.0
192,-43.49134323948175,24.705398423578263,0.9166068330514432,-1.4472795954435687,1.225802023848856,1.225802023848856,2.444590437297087,2.444590437297087,-44.396043423415264,25.798969959865847,0.0
193,-45.46850059876673,27.664151791462224,-1.719834753220987,2.5669550701754313,1.225802023848856,1.225802023848856,2.444590437297087,2.444590437297087,-46.89427966867593,26.329455151087934,0.0
194,-49.47612271391837,26.326646704064185,-3.8041848732190306,-0.990308219843798,1.225802023848856,1.225802023848856,2.444590437297087,2.444590437297087,-51.59032377965896,26.214607238270695,0.0
195,-50.21122668241282,28.103921063200584,-1.0080162875826648,1.5311722186763994,1.225802023848856,1.225802023848856,2.444590437297087,2.444590437297087,-48.94035333730462,30.15666053283891,0.0
196,-52.2795527978416,29.860641786052298,-1.9740400333564458,1.7366642410409543,1.225802023848856,1.225802023848856,2.444590437297087,2.444590437297087,-51.8259257193015,30.955264060866366,0.0
197,-53.66916532017308,30.884350683566375,-1.441581653261598,1.0871071272279713,1.225802023848856,1.225802023848856,2.444590437297087,2.444590437297087,-53.33069984448887,30.92173578456097,0.0
198,-58.9109253089784,31.106558913342536,-4.903836188586988,0.2991177578101255,1.225802023848856,1.225802023848856,2.444590437297087,2.444590437297087,-58.7703141709655,29.35223232284998,0.0
199,-60.53261089264233,22.41843850021868,-1.9135447300968056,-7.888946951240865,1.225802023848856,1.225802023848856,2.444590437297087,2.444590437297087,-59.450244463527625,21.531025122305103,0.0
200,-56.55625616211812,17.3961691194328,3.452606360606682,-5.27718335930847,1.225802023848856,1.225802023848856,2.444590437297087,2.444590437297087,-56.034715609294246,16.416856359832085,0.0
201,-59.26783696076538,8.068428807059679,-2.1634419045776796,-8.96755205863304,1.225802023848856,1.225802023848856,2.444590437297087,2.444590437297087,-61.46942178131847,8.933488173481997,0.0
202,-64.19010203061723,6.7278110377718185,-4.67694184398634,-2.0188287350640834,1.225802023848856,1.225802023848856,2.444590437297087,2.444590437297087,-63.765516770493996,6.598497459590675,0.0
203,-63.14147437817934,7.473731680422975,0.5394920193679233,0.5000704393513908,1.225802023848856,1.225802023848856,2.444590437297087,2.444590437297087,-63.00647005248373,7.466626234669161,0.0
204,-62.177511159039895,4.660275153585993,0.9262179060923121,-2.518807295755548,1.225802023848856,1.225802023848856,2.444590437297087,2.444590437297087,-60.38295361512243,5.737334213574033,0.0
205,-59.37100802041891,3.4331976011875596,2.6393022666704344,-1.3419422206292801,1.225802023848856,1.225802023848856,2.444590437297087,2.444590437297087,-56.43556815584327,3.788856278277585,0.0
206,-57.89302717041496,3.077557031495715,1.581249199998036,-0.4433456120918352,1.225802023848856,1.225802023848856,2.444590437297087,2.444590437297087,-58.51399683154386,4.615865717833996,0.0
207,-61.56798077455774,-1.3020348852607424,-3.2075555324048186,-4.029568525110207,1.225802023848856,1.225802023848856,2.444590437297087,2.444590437297087,-62.63876960303868,-2.6531014357324327,0.0
208,-61.628156463882085,-1.856783967110577,-0.3400505960771403,-0.8637409468779458,1.225802023848856,1.225802023848856,2.444590437297087,2.444590437297087,-61.972850671505974,-1.3936906593620537,0.0
209,-64.94378185990739,3.4299241928989486,-3.051027933630559,4.739790896730233,1.225802023848856,1.225802023848856,2.444590437297087,2.444590437297087,-65.38985497617382,2.2805732657115314,0.0
210,-65.3022512922999,-3.361244944492668,-0.5979001960854196,-5.765799933412247,1.225802023848856,1.225802023848856,2.444590437297087,2.444590437297087,-64.49553382346764,-4.898556703352734,0.0
211,-62.94436130477108,0.12780865077523096,2.0950518353945666,2.6660829347533257,1.225802023848856,1.225802023848856,2.444590437297087,2.444590437297087,-64.21229554725052,0.7559276766595984,0.0
212,-61.36316294714947,-6.8714261175544875,1.6268918237256456,-6.139764343482937,1.225802023848856,1.225802023848856,2.444590437297087,2.444590437297087,-62.776090468177955,-6.254880305374299,0.0
213,-58.84046331862095,-12.030126834012542,2.4430415833170955,-5.245939977310476,1.225802023848856,1.225802023848856,2.444590437297087,2.444590437297087,-58.92844592092663,-13.087751178651182,0.0
214,-63.62747507436646,-13.036685961403123,-4.1440926913254295,-1.3835381954460169,1.225802023848856,1.225802023848856,2.444590437297087,2.444590437297087,-62.00085286289688,-13.926528374508434,0.0
215,-66.16759401454962,-17.546525426861812,-2.682749326859182,-4.231838931665607,1.225802023848856,1.225802023848856,2.444590437297087,2.444590437297087,-65.05113555060056,-17.63607231622096,0.0
216,-67.6368877842598,-20.79897879956912,-1.5771980513152122,-3.3395434144736713,1.225802023848856,1.225802023848856,2.444590437297087,2.444590437297087,-69.20784322164182,-18.002382411520223,0.0
217,-67.33406975767106,-22.04335681716568,0.13564108871328107,-1.4306867090536304,1.225802023848856,1.225802023848856,2.444590437297087,2.444590437297087,-67.35423221749923,-20.229918180148754,0.0
218,-63.69210898542076,-21.787673084767675,3.330167806862627,0.10572637307590571,1.225802023848856,1.225802023848856,2.444590437297087,2.444590437297087,-65.01138337445397,-20.434388454920768,0.0
219,-62.31130056958091,-20.46740000184895,1.554151579039444,1.2122717725870538,1.225802023848856,1.225802023848856,2.444590437297087,2.444590437297087,-61.303039140714745,-20.669002247693065,0.0
220,-58.76151822161098,-24.834521738071984,3.37232458843215,-3.8709845313513562,1.225802023848856,1.225802023848856,2.444590437297087,2.444590437297087,-58.965866042134735,-23.082109692921435,0.0
221,-60.769222536213086,-26.803487765599296,-1.529295237008741,-2.1380994902614594,1.225802023848856,1.225802023848856,2.444590437297087,2.444590437297087,-58.83498891784479,-27.072762691849636,0.0
222,-61.08490319189695,-22.416108838758774,-0.42359907821836873,3.8071128787119486,1.225802023848856,1.225802023848856,2.444590437297087,2.444590437297087,-58.143787990468915,-23.390748995597917,0.0
223,-54.196152291758196,-20.842650959909143,6.238513759923256,1.7720815010281807,1.225802023848856,1.225802023848856,2.444590437297087,2.444590437297087,-53.01198700396844,-19.17724115355095,0.0
224,-53.95056013206359,-21.459943708286314,0.7785015820283334,-0.4048220811585126,1.225802023848856,1.225802023848856,2.444590437297087,2.444590437297087,-53.81145780932908,-20.679408512513287,0.0
225,-53.28149069659924,-19.132713981572266,0.6788004858435067,2.0842870940816383,1.225802023848856,1.225802023848856,2.444590437297087,2.444590437297087,-52.96196556516405,-18.73267408570283,0.0
226,-51.846195799469704,-24.32083471140927,1.3680250366825435,-4.541435371518295,1.225802023848856,1.225802023848856,2.444590437297087,2.444590437297087,-51.73033967565487,-25.213729013419037,0.0
227,-49.90074923160022,-20.363058928177523,1.8941004306838818,3.201999217324821,1.225802023848856,1.225802023848856,2.444590437297087,2.444590437297087,-49.385140631863685,-23.114633892699683,0.0
228,-49.41462407425246,-20.671250835803548,0.6113267434230907,0.003945318498735251,1.225802023848856,1.225802023848856,2.444590437297087,2.444590437297087,-49.7042896856892,-20.688199727161198,0.0
229,-47.92018948092437,-17.856718711599704,1.415905868017663,2.5646059127563294,1.225802023848856,1.225802023848856,2.444590437297087,2.444590437297087,-47.6413315173245,-19.68453156645987,0.0
230,-51.77785058920014,-19.53940234819379,-3.388718959780523,-1.3050013021310303,1.225802023848856,1.225802023848856,2.444590437297087,2.444590437297087,-51.111097477599415,-20.585653567162797,0.0
231,-56.77557634476388,-18.512292810391497,-4.854647814741153,0.8197309129126111,1.225802023848856,1.225802023848856,2.444590437297087,2.444590437297087,-56.340997610554176,-19.157397415188225,0.0
232,-52.96418442389384,-20.69194677631525,3.0407804332694814,-1.9129392364875741,1.225802023848856,1.225802023848856,2.444590437297087,2.444590437297087,-52.92415563780407,-20.140572697392173,0.0
233,-50.9200473063302,-19.593873179208128,2.132761773295049,0.8303248733912674,1.225802023848856,1.225802023848856,2.444590437297087,2.444590437297087,-50.19358600456179,-17.994779522578625,0.0
234,-54.0073755415623,-23.41286892800626,-2.6231414267699042,-3.4055635478962016,1.225802023848856,1.225802023848856,2.444590437297087,2.444590437297087,-53.6413413264629,-22.431650536424847,0.0
235,-51.72953956242187,-20.92510034285874,1.8420256661614127,1.9637149712104862,1.225802023848856,1.225802023848856,2.444590437297087,2.444590437297087,-51.216065551323325,-19.34936070099912,0.0
236,-49.627036863271236,-18.397329389879065,2.0793402627896773,2.477613322451516,1.225802023848856,1.225802023848856,2.444590437297087,2.444590437297087,-50.02363167873266,-20.574487639775775,0.0
237,-45.76192967363068,-16.933519732667033,3.7063111824686112,1.5539602651529023,1.225802023848856,1.225802023848856,2.444590437297087,2.444590437297087,-47.5308905204757,-17.33990779074773,0.0
238,-49.50510596289182,-9.261826706734542,-3.080744452160113,7.1276850029650625,1.225802023848856,1.225802023848856,2.444590437297087,2.444590437297087,-48.39910277145358,-9.91516123317902,0.0
239,-50.78394929335148,-10.338692109551507,-1.4390740409417238,-0.3472909967232072,1.225802023848856,1.225802023848856,2.444590437297087,2.444590437297087,-50.37653643634906,-10.901444851073864,0.0
240,-47.107258115745246,-3.672452458634221,3.221781257325059,6.042574464673,1.225802023848856,1.225802023848856,2.444590437297087,2.444590437297087,-45.76613347993155,-3.3687648946040722,0.0
241,-49.6154233717055,-3.0064685270961053,-1.9986404047955855,1.144087258474447,1.225802023848856,1.225802023848856,2.444590437297087,2.444590437297087,-50.597791195924046,-5.383383588755216,0.0
242,-49.59064931200899,-5.578172851878065,-0.15515431336497487,-2.241284459774856,1.225802023848856,1.225802023848856,2.444590437297087,2.444590437297087,-48.33264536110374,-7.0486079774098505,0.0
243,-52.56159433064634,-6.054562856998377,-2.7205560600862873,-0.6333299664697263,1.225802023848856,1.225802023848856,2.444590437297087,2.444590437297087,-51.80134287098534,-7.155046726388785,0.0
244,-54.54273759054904,-11.281660076653987,-2.0468941698089744,-4.81860499891014,1.225802023848856,1.225802023848856,2.444590437297087,2.444590437297087,-54.062267294215665,-11.093486368604792,0.0
245,-54.89830362460513,-9.19791249490384,-0.5059642471357466,1.4699686986152392,1.225802023848856,1.225802023848856,2.444590437297087,2.444590437297087,-54.31487577105975,-8.456925082526764,0.0
246,-53.47224144458381,-10.451159426360329,1.2542603184400618,-1.0110900395231228,1.225802023848856,1.225802023848856,2.444590437297087,2.444590437297087,-54.933389369129465,-9.747275448462855,0.0
247,-53.01876824247525,-10.970452370412394,0.5246817090845647,-0.5630250873263709,1.225802023848856,1.225802023848856,2.444590437297087,2.444590437297087,-50.979768573868434,-10.871028066435471,0.0
248,-51.60106669372609,-11.423687173757175,1.338291418159414,-0.4629977004286092,1.225802023848856,1.225802023848856,2.444590437297087,2.444590437297087,-51.66206346115609,-13.778225797835947,0.0
249,-47.933804504633265,-9.978173219542121,3.460162789006743,1.2758031001043408,1.225802023848856,1.225802023848856,2.444590437297087,2.444590437297087,-47.78260325925154,-9.799398293812935,0.0
250,-44.83306303171755,-8.4157342394945,3.132702345877109,1.5369504168074712,1.225802023848856,1.225802023848856,2.444590437297087,2.444590437297087,-45.312819236308485,-8.658106237016506,0.0
251,-40.75912353947102,-6.966992069384135,3.9902417272145927,1.4565859246141164,1.225802023848856,1.225802023848856,2.444590437297087,2.444590437297087,-42.29373705536885,-6.7250621523878085,0.0
252,-41.25129386117048,-14.539037998366002,-0.09358015566802269,-6.769191610750808,1.225802023848856,1.225802023848856,2.444590437297087,2.444590437297087,-43.684260749405865,-15.92362908065061,0.0
253,-44.25939437459,-18.946297468046932,-2.7489322038974997,-4.61728989838552,1.225802023848856,1.225802023848856,2.444590437297087,2.444590437297087,-45.241717619238436,-17.290063138532055,0.0
254,-46.04712773994652,-17.784907598483613,-1.8732061867889231,0.6475315042425125,1.225802023848856,1.225802023848856,2.444590437297087,2.444590437297087,-44.063003236709406,-17.779963778160056,0.0
255,-44.9720960233265,-12.040944757354108,0.8128651369757667,5.290772150365195,1.225802023848856,1.225802023848856,2.444590437297087,2.444590437297087,-44.30211374105743,-12.720669825523522,0.0
256,-44.04353901427545,-17.06897390670843,0.9182693242073184,-4.11044890942589,1.225802023848856,1.225802023848856,2.444590437297087,2.444590437297087,-43.88433107607051,-16.751125078352537,0.0
257,-42.34712545842266,-17.69320974712646,1.6272185253416818,-0.9342408624537586,1.225802023848856,1.225802023848856,2.444590437297087,2.444590437297087,-43.401319394829365,-17.630449190289813,0.0
258,-43.092207826288906,-14.485213674209794,-0.5341299171362053,2.8396553470320702,1.225802023848856,1.225802023848856,2.444590437297087,2.444590437297087,-43.27284543921041,-13.651899439418354,0.0
259,-45.5589516835852,-9.496582124760884,-2.2948897522124643,4.797537832054843,1.225802023848856,1.225802023848856,2.444590437297087,2.444590437297087,-46.74378027453541,-8.951705139807935,0.0
260,-47.134009092045076,-12.807092021466168,-1.6390671626458324,-2.58951681192623,1.225802023848856,1.225802023848856,2.444590437297087,2.444590437297087,-46.66177000122684,-13.357986267246055,0.0
261,-46.604083585972965,-12.274275591601912,0.337051861589843,0.25516874561080627,1.225802023848856,1.225802023848856,2.444590437297087,2.444590437297087,-48.437839084744866,-10.576169980879246,0.0
262,-50.16879067945025,-10.378868011308148,-3.2177504253388314,1.749552388420922,1.225802023848856,1.225802023848856,2.444590437297087,2.444590437297087,-51.19072700603915,-9.66722733291463,0.0
263,-54.56894501839653,-8.25204981937682,-4.295011267069355,2.0932705310696664,1.225802023848856,1.225802023848856,2.444590437297087,2.444590437297087,-55.49231687971999,-8.046198681498858,0.0
264,-58.056388176069056,-10.741103422906889,-3.5592546518621635,-2.0815789408509695,1.225802023848856,1.225802023848856,2.444590437297087,2.444590437297087,-58.075001975282014,-11.197777415748401,0.0
265,-58.33348375728087,-13.77300892027237,-0.5689554804437607,-2.9473994734186246,1.225802023848856,1.225802023848856,2.444590437297087,2.444590437297087,-59.998740384708796,-14.754697391193295,0.0
266,-57.93867455305992,-11.12256065714249,0.3091082196876741,2.152670050332565,1.225802023848856,1.225802023848856,2.444590437297087,2.444590437297087,-58.90850191657765,-12.354429116256922,0.0
267,-56.897824912005184,-12.190145924589743,0.9757808942612682,-0.7812300444622413,1.225802023848856,1.225802023848856,2.444590437297087,2.444590437297087,-57.809275797084844,-13.09964055875966,0.0
268,-57.00727124819778,-8.591360067390088,-0.012944520373759816,3.209301078376895,1.225802023848856,1.225802023848856,2.444590437297087,2.444590437297087,-55.810409434590376,-7.418142953364443,0.0
269,-55.45630775730367,-5.034106809616881,1.4118958757202282,3.5263122564901646,1.225802023848856,1.225802023848856,2.444590437297087,2.444590437297087,-53.698390434489255,-6.8553475244447695,0.0
270,-58.287046306690485,-5.000531214582633,-2.4534701632008953,0.3441607154118107,1.225802023848856,1.225802023848856,2.444590437297087,2.444590437297087,-58.20522992033133,-7.845531677082052,0.0
271,-59.42424027932346,-7.196222725416964,-1.2542413880906436,-1.969839869015718,1.225802023848856,1.225802023848856,2.444590437297087,2.444590437297087,-59.99416920300416,-9.27626054011195,0.0
272,-56.168617384719866,-8.12390382307976,2.854591589671717,-1.0203531307493825,1.225802023848856,1.225802023848856,2.444590437297087,2.444590437297087,-56.6248315987789,-8.665608307522927,0.0
273,-55.06781324083051,-9.126221121609033,1.2567564351044407,-1.0039211014105525,1.225802023848856,1.225802023848856,2.444590437297087,2.444590437297087,-57.714411613745874,-7.244676092107115,0.0
274,-58.37422014427943,-7.927483292491974,-2.9006360789698933,1.002870474833479,1.225802023848856,1.225802023848856,2.444590437297087,2.444590437297087,-58.54649466447857,-5.6833437906932245,0.0
275,-55.781785734176715,-4.541489196418589,2.103973319428934,3.174079254354719,1.225802023848856,1.225802023848856,2.444590437297087,2.444590437297087,-55.607594861559214,-5.744275120671161,0.0
276,-52.0949855948161,-8.04727387997494,3.5460502042651925,-2.9117901897381286,1.225802023848856,1.225802023848856,2.444590437297087,2.444590437297087,-52.065473030570466,-7.566262074207489,0.0
277,-51.071902587027495,-7.4889934335714345,1.2474331796964124,0.24971086022822053,1.225802023848856,1.225802023848856,2.444590437297087,2.444590437297087,-51.29318509660811,-7.185698877970939,0.0
278,-46.83488898838341,-3.5424430302416816,3.9711707125931652,3.6178158132928053,1.225802023848856,1.225802023848856,2.444590437297087,2.444590437297087,-46.400183367303114,-4.962610554403935,0.0
279,-42.66167455175749,-4.982237023708935,4.155248073732681,-0.990055435164225,1.225802023848856,1.225802023848856,2.444590437297087,2.444590437297087,-43.58422557041126,-5.359189734926918,0.0
280,-39.23399921845889,-3.6455215932091063,3.492373387882814,1.1298116529038262,1.225802023848856,1.225802023848856,2.444590437297087,2.444590437297087,-38.87644286745385,-2.995504048664397,0.0
281,-42.04820118695035,-1.1614914246981158,-2.2534014684579975,2.3636088022714716,1.225802023848856,1.225802023848856,2.444590437297087,2.444590437297087,-43.41697245306482,-1.8639701432363796,0.0
282,-43.248525581666875,-6.151263709870211,-1.2939673175638853,-4.335886529790309,1.225802023848856,1.225802023848856,2.444590437297087,2.444590437297087,-43.59754098672228,-7.737258605765077,0.0
283,-48.049836544660536,-8.559285680263958,-4.48942694369654,-2.579453745614452,1.225802023848856,1.225802023848856,2.444590437297087,2.444590437297087,-48.606222098682366,-7.311639810448942,0.0
284,-49.13388407947667,-7.450550673459974,-1.3868645737616125,0.7807696722609654,1.225802023848856,1.225802023848856,2.444590437297087,2.444590437297087,-47.920210145176696,-6.88426180764323,0.0
285,-48.89421383396941,-6.43410206998556,0.09503365775193329,0.9954912922550588,1.225802023848856,1.225802023848856,2.444590437297087,2.444590437297087,-50.394504139101656,-7.21764018511117,0.0
286,-50.67712085591858,-9.103959903366562,-1.615914635004153,-2.343923470228372,1.225802023848856,1.225802023848856,2.444590437297087,2.444590437297087,-51.101646780663266,-7.725971137216318,0.0
287,-54.898840546169325,-4.1875095048566235,-3.9900033156109016,4.270835137304347,1.225802023848856,1.225802023848856,2.444590437297087,2.444590437297087,-53.418604329742536,-4.0458157470900655,0.0
288,-52.05935970397615,-4.960013487703442,2.2321816482184236,-0.32403441884479367,1.225802023848856,1.225802023848856,2.444590437297087,2.444590437297087,-52.07815768286785,-3.938907647063296,0.0
289,-46.994587475353185,-5.368757915286902,4.812889372379065,-0.4012117473927014,1.225802023848856,1.225802023848856,2.444590437297087,2.444590437297087,-46.72291221606207,-6.309608913451306,0.0
290,-46.61572045415764,-1.548532950825762,0.7731542232330142,3.4448415455546417,1.225802023848856,1.225802023848856,2.444590437297087,2.444590437297087,-46.63744613562201,-0.8195689322320794,0.0
291,-40.38617372778433,-6.239526775935251,5.744347157474618,-3.967529775885562,1.225802023848856,1.225802023848856,2.444590437297087,2.444590437297087,-41.003057290904295,-7.854112252484066,0.0
292,-41.49444140426052,-9.410138135707205,-0.4989116300868979,-3.2414758497666187,1.225802023848856,1.225802023848856,2.444590437297087,2.444590437297087,-41.246008248808295,-10.532480752092523,0.0
293,-39.4619430218983,-13.041249247821687,1.8073974487253475,-3.5964635201001403,1.225802023848856,1.225802023848856,2.444590437297087,2.444590437297087,-41.32188186140043,-10.771134623303132,0.0
294,-34.4085991136188,-5.541299200404353,4.764704148229707,6.513222080874888,1.225802023848856,1.225802023848856,2.444590437297087,2.444590437297087,-35.073876679006666,-6.276061022093301,0.0
295,-34.60397799395665,-3.3112816976446684,0.2456872903559928,2.6108935144487875,1.225802023848856,1.225802023848856,2.444590437297087,2.444590437297087,-36.08544768161078,-4.683647518565365,0.0
296,-37.93997737438986,-6.256785196423045,-3.0175045456871943,-2.451411214563815,1.225802023848856,1.225802023848856,2.444590437297087,2.444590437297087,-37.808092147913534,-6.767057211966614,0.0
297,-37.804059155317965,-2.8314213747061814,-0.1444940432673376,2.902782516857121,1.225802023848856,1.225802023848856,2.444590437297087,2.444590437297087,-37.990540336799334,-2.1022252734709124,0.0
298,-37.080499070077515,-5.805201475033288,0.646369984145208,-2.4512176844409783,1.225802023848856,1.225802023848856,2.444590437297087,2.444590437297087,-36.68043205246215,-6.484175393244035,0.0
299,-39.932742675274355,-6.944386101073536,-2.541135889922531,-1.25585472885094,1.225802023848856,1.225802023848856,2.444590437297087,2.444590437297087,-39.1851321673333,-7.2684008900521135,0.0
300,-45.26808946445112,-7.857319557286094,-5.086876774794573,-0.9434270934563175,1.225802023848856,1.225802023848856,2.444590437297087,2.444590437297087,-44.61969239279665,-8.956289842285404,0.0
301,-46.651028970915256,-11.049369289468254,-1.712305248534081,-2.992095140517851,1.225802023848856,1.225802023848856,2.444590437297087,2.444590437297087,-43.77454004793518,-13.282150978859132,0.0
302,-44.38770001758369,-13.787844230465195,1.909803066083911,-2.7610276461772827,1.225802023848856,1.225802023848856,2.444590437297087,2.444590437297087,-45.95006338930707,-14.898549871584269,0.0
303,-52.10190948696434,-13.809207870707551,-6.858412029846094,-0.2649831734489285,1.225802023848856,1.225802023848856,2.444590437297087,2.444590437297087,-51.10942805536989,-13.044150693069398,0.0
304,-53.13014852109338,-15.5740172536898,-1.5466763390880747,-1.6314401230051272,1.225802023848856,1.225802023848856,2.444590437297087,2.444590437297087,-52.60182058587512,-15.14803687386773,0.0
305,-54.21183147542157,-19.169956554466026,-1.1230316274114371,-3.421249860159959,1.225802023848856,1.225802023848856,2.444590437297087,2.444590437297087,-54.95346954164845,-19.309987178806388,0.0
306,-55.614719905000996,-20.109727155995447,-1.3780026832393104,-1.16043153562198,1.225802023848856,1.225802023848856,2.444590437297087,2.444590437297087,-55.537895833293625,-18.825784737985817,0.0
307,-54.1691055565628,-24.56477419784047,1.1945294483478102,-4.162079477215764,1.225802023848856,1.225802023848856,2.444590437297087,2.444590437297087,-54.000533368075196,-22.91116963145332,0.0
308,-52.017329204622506,-20.041674584793412,2.0666549489830506,3.750786193882628,1.225802023848856,1.225802023848856,2.444590437297087,2.444590437297087,-50.705269004182995,-18.58097237994629,0.0
309,-50.16711400974777,-17.25397974572872,1.869461698003947,2.873335948991951,1.225802023848856,1.225802023848856,2.444590437297087,2.444590437297087,-49.76824979856972,-16.8767532209262,0.0
310,-50.85697513635626,-13.362428915461953,-0.46227809799391517,3.801007963133136,1.225802023848856,1.225802023848856,2.444590437297087,2.444590437297087,-49.66395936629085,-12.22386106014312,0.0
311,-44.18471769070568,-9.055109360186915,6.037832123777855,4.26229673734281,1.225802023848856,1.225802023848856,2.444590437297087,2.444590437297087,-43.1532644746768,-10.519625448218891,0.0
312,-38.84558489315143,-4.480580574751481,5.401263337407901,4.546764130483703,1.225802023848856,1.225802023848856,2.444590437297087,2.444590437297087,-39.51134302677116,-7.3482500366579115,0.0
313,-36.01698110047764,-8.644029678350098,3.057372764354195,-3.388909569692262,1.225802023848856,1.225802023848856,2.444590437297087,2.444590437297087,-38.27625909655155,-9.406015044021046,0.0
314,-32.935012713018494,-10.489806589443457,3.079781267357279,-1.9829971166183031,1.225802023848856,1.225802023848856,2.444590437297087,2.444590437297087,-35.48347308450323,-9.647771513681455,0.0
315,-32.598484328348675,-6.447089341478862,0.5804670520758046,3.5068917899683787,1.225802023848856,1.225802023848856,2.444590437297087,2.444590437297087,-33.87961236143359,-6.625486011017244,0.0
316,-32.09305635163734,-12.132350593686956,0.5121006871141274,-4.86786611599897,1.225802023848856,1.225802023848856,2.444590437297087,2.444590437297087,-30.776549012996146,-13.924493921107228,0.0
317,-28.358278838203937,-16.24070633624957,3.4482069622991123,-4.175893791842118,1.225802023848856,1.225802023848856,2.444590437297087,2.444590437297087,-28.431146564964603,-16.6808662184542,0.0
318,-24.2804115551787,-19.42533240198033,4.021875908505701,-3.2727727071418413,1.225802023848856,1.225802023848856,2.444590437297087,2.444590437297087,-25.53146977030638,-20.290859543941895,0.0
319,-28.247300884704842,-20.477700584933626,-3.2565032186854976,-1.2498135311933547,1.225802023848856,1.225802023848856,2.444590437297087,2.444590437297087,-28.595808157752487,-19.628590190564314,0.0
320,-31.63564704981931,-19.113849417927664,-3.376622275982066,1.1314358882146736,1.225802023848856,1.225802023848856,2.444590437297087,2.444590437297087,-30.615490579192446,-16.636942706536402,0.0
321,-29.65569381465925,-16.544763501173758,1.5036297068794866,2.441245558188612,1.225802023848856,1.225802023848856,2.444590437297087,2.444590437297087,-30.908070131100654,-17.62995622480283,0.0
322,-34.580422784788894,-18.596368489318376,-4.353099114503255,-1.652086598118145,1.225802023848856,1.225802023848856,2.444590437297087,2.444590437297087,-36.03435226047833,-18.94524424888638,0.0
323,-30.489929680561055,-20.49735012126511,3.3396623489024373,-1.8788491033492842,1.225802023848856,1.225802023848856,2.444590437297087,2.444590437297087,-31.50850228526356,-21.507257571108763,0.0
324,-32.294841438259716,-26.76815331823062,-1.3474400605556083,-5.8802568365966374,1.225802023848856,1.225802023848856,2.444590437297087,2.444590437297087,-30.3504394822398,-25.300267414795847,0.0
325,-31.43177093674971,-23.27775697709668,0.6665049554751534,2.6571284119083023,1.225802023848856,1.225802023848856,2.444590437297087,2.444590437297087,-30.835161926261545,-22.039221460162075,0.0
326,-25.73808579391652,-20.418642173262946,5.246652481916961,2.841153539091649,1.225802023848856,1.225802023848856,2.444590437297087,2.444590437297087,-26.097216412322336,-21.655148164620723,0.0
327,-25.130757759838026,-22.12301765720356,1.019871343742686,-1.3001727582161688,1.225802023848856,1.225802023848856,2.444590437297087,2.444590437297087,-25.554854873563524,-22.769973224188277,0.0
328,-17.29844528216084,-29.482531846301317,7.226528802945137,-6.820698506688234,1.225802023848856,1.225802023848856,2.444590437297087,2.444590437297087,-17.44522939419152,-30.05386093492129,0.0
329,-13.752709508866491,-32.018275769058846,3.8730434569267196,-2.9167755504633974,1.225802023848856,1.225802023848856,2.444590437297087,2.444590437297087,-15.10386687311347,-31.47046677352571,0.0
330,-23.996781272012534,-34.87744956138139,-8.988733512657221,-2.864295921678462,1.225802023848856,1.225802023848856,2.444590437297087,2.444590437297087,-25.927259645546584,-36.42310171224096,0.0
331,-23.404721756706316,-38.2584927541222,-0.2598947097976527,-3.3350924014433176,1.225802023848856,1.225802023848856,2.444590437297087,2.444590437297087,-23.649863246929733,-38.716470240679364,0.0
332,-23.158961195243453,-41.6104268562474,0.20079610564599265,-3.3504364851730326,1.225802023848856,1.225802023848856,2.444590437297087,2.444590437297087,-24.00414420389207,-42.00655901388797,0.0
333,-25.649043806190377,-44.64138937005189,-2.250801218983619,-3.0593711433327293,1.225802023848856,1.225802023848856,2.444590437297087,2.444590437297087,-26.37470855354409,-43.816154894324875,0.0
334,-26.622228764219553,-42.56857067967285,-1.0867946110510731,1.6164482417007164,1.225802023848856,1.225802023848856,2.444590437297087,2.444590437297087,-26.594460424490283,-42.93037550169769,0.0
335,-25.391210648236978,-47.57363601306179,1.0249109242258627,-4.416259537207427,1.225802023848856,1.225802023848856,2.444590437297087,2.444590437297087,-24.384933950369312,-47.97327482420272,0.0
336,-24.122289573600877,-45.85522257829947,1.2472229252236793,1.17289903497874,1.225802023848856,1.225802023848856,2.444590437297087,2.444590437297087,-22.69317936080284,-43.17265933667056,0.0
337,-21.955460957430983,-41.52442364059771,2.085054388134231,4.049988554184701,1.225802023848856,1.225802023848856,2.444590437297087,2.444590437297087,-19.192769020427132,-42.008174208109054,0.0
338,-16.58778315359192,-39.81177426334828,5.075776613585595,1.9204929222961447,1.225802023848856,1.225802023848856,2.444590437297087,2.444590437297087,-16.38757674369115,-41.563780457987534,0.0
339,-11.499365025035386,-47.533615446649556,5.08729400531749,-6.864414532172269,1.225802023848856,1.225802023848856,2.444590437297087,2.444590437297087,-12.456316057216107,-47.48481653014827,0.0
340,-9.878742579795396,-47.76066858661916,1.9288897748895537,-0.8172681738529102,1.225802023848856,1.225802023848856,2.444590437297087,2.444590437297087,-10.901275629695345,-46.51586786844144,0.0
341,-8.261076562386387,-45.35494958727731,1.645341011990811,2.119120851188084,1.225802023848856,1.225802023848856,2.444590437297087,2.444590437297087,-7.765938996565652,-46.49948240592106,0.0
342,-3.7862485318507035,-45.26764366961974,4.223221152765748,0.2679812868256717,1.225802023848856,1.225802023848856,2.444590437297087,2.444590437297087,-2.443343091066935,-46.02907951398646,0.0
343,-2.480853999428508,-45.16155039864609,1.5648568452043183,0.12048886210021167,1.225802023848856,1.225802023848856,2.444590437297087,2.444590437297087,-3.240062606597661,-47.73454346276451,0.0
344,0.262382279855198,-44.72588091002225,2.6384510767739258,0.4076426368116872,1.225802023848856,1.225802023848856,2.444590437297087,2.444590437297087,-1.445207494642901,-44.06110799792535,0.0
345,-2.4992993997886295,-39.888226649524235,-2.28148490422827,4.443723704953897,1.225802023848856,1.225802023848856,2.444590437297087,2.444590437297087,-2.6475406203403287,-41.14833390316042,0.0
346,-3.631068750249989,-44.31984630834101,-1.2340056706532763,-3.642396234832712,1.225802023848856,1.225802023848856,2.444590437297087,2.444590437297087,-2.4554032698663084,-45.11393764593936,0.0
347,-4.218417032999197,-46.914639919464214,-0.6448510898980027,-2.6879497286694476,1.225802023848856,1.225802023848856,2.444590437297087,2.444590437297087,-5.522400257217937,-46.919018375376425,0.0
348,-5.090422021244358,-49.44855481054826,-0.8518057497394507,-2.5476121529193714,1.225802023848856,1.225802023848856,2.444590437297087,2.444590437297087,-3.9334136310683476,-49.028800198398784,0.0
349,-6.029856841635297,-50.68875524979143,-0.9316425680413104,-1.3564595975576972,1.225802023848856,1.225802023848856,2.444590437297087,2.444590437297087,-6.494868596365833,-51.0066728504881,0.0
350,-7.20965735836979,-55.564910823138355,-1.157733532063684,-4.56317314601522,1.225802023848856,1.225802023848856,2.444590437297087,2.444590437297087,-6.978049874064739,-56.88120560269712,0.0
351,-5.582420355311346,-59.87731594120896,1.3795886708940828,-4.33470419919101,1.225802023848856,1.225802023848856,2.444590437297087,2.444590437297087,-4.962508285785956,-58.94791896160353,0.0
352,-2.191774046043348,-61.38543089401769,3.2118167440180887,-1.75946415157129,1.225802023848856,1.225802023848856,2.444590437297087,2.444590437297087,-3.291600162738268,-60.323118021923094,0.0
353,-3.8093802240798174,-56.92649293699243,-1.1881587146324462,3.9059780992816497,1.225802023848856,1.225802023848856,2.444590437297087,2.444590437297087,-3.786255527699788,-58.533973138525916,0.0
354,-5.5486022546812,-59.512022895493935,-1.6902197487475512,-2.008284661480431,1.225802023848856,1.225802023848856,2.444590437297087,2.444590437297087,-6.173599019443788,-62.28133422914951,0.0
355,-3.526552362374565,-57.63538519817525,1.6919432094683755,1.5311781922318741,1.225802023848856,1.225802023848856,2.444590437297087,2.444590437297087,-4.067272253071013,-58.40778320357788,0.0
356,-2.002994735923766,-55.761971588564535,1.5385310016692904,1.8429809607720347,1.225802023848856,1.225802023848856,2.444590437297087,2.444590437297087,-4.842784135034437,-56.12400234694435,0.0
357,-5.8744750432871555,-58.37904339853827,-3.390405100004502,-2.2204699012243547,1.225802023848856,1.225802023848856,2.444590437297087,2.444590437297087,-4.577806961018019,-58.869776790998344,0.0
358,-7.775717083175634,-61.00733373192328,-2.0336630991088898,-2.592025658921334,1.225802023848856,1.225802023848856,2.444590437297087,2.444590437297087,-8.417732375766981,-60.559454993189384,0.0
359,-10.282882389261617,-70.88904117507211,-2.465060001790949,-9.233486029993475,1.225802023848856,1.225802023848856,2.444590437297087,2.444590437297087,-12.507666247638896,-70.49587899668052,0.0
360,-8.12261316931367,-68.8812019761203,1.7489704097705951,1.0082252320688987,1.225802023848856,1.225802023848856,2.444590437297087,2.444590437297087,-7.5852540435689475,-66.20605433989809,0.0
361,-9.085470856713592,-66.38446033605257,-0.7217134106791332,2.3643780831857777,1.225802023848856,1.225802023848856,2.444590437297087,2.444590437297087,-9.2989094891607,-66.564450052236,0.0
362,-12.634272437979604,-66.75969032810076,-3.297408016595235,-0.13161543237531648,1.225802023848856,1.225802023848856,2.444590437297087,2.444590437297087,-12.385643736654874,-67.02010587035105,0.0
363,-10.576663976764861,-67.15640838334213,1.5814235670775578,-0.37314429689196404,1.225802023848856,1.225802023848856,2.444590437297087,2.444590437297087,-9.7249411771393,-66.25279404562116,0.0
364,-6.758844148908281,-66.95814000591376,3.6189524441425007,0.14745656667906104,1.225802023848856,1.225802023848856,2.444590437297087,2.444590437297087,-7.212186569015991,-66.39001868204966,0.0
365,-4.59208415149922,-61.31164703715261,2.2958935135018796,5.157501370353811,1.225802023848856,1.225802023848856,2.444590437297087,2.444590437297087,-5.345903415823938,-62.16579013644103,0.0
366,-1.4937005208978775,-66.77645421722593,3.027023687445122,-4.52023812159561,1.225802023848856,1.225802023848856,2.444590437297087,2.444590437297087,-1.4279890669106599,-64.63824989044424,0.0
367,-1.528530201836405,-67.50105577337385,0.23743994290465187,-1.0621214878961203,1.225802023848856,1.225802023848856,2.444590437297087,2.444590437297087,-1.7594469697140664,-65.3308489702446,0.0
368,-5.86507654188664,-63.50125300640819,-3.9298131053423258,3.5496805543786323,1.225802023848856,1.225802023848856,2.444590437297087,2.444590437297087,-6.566430202124529,-64.53395452844352,0.0
369,-5.5334880249850364,-63.30717905544868,-0.047348707432417037,0.49246503562498045,1.225802023848856,1.225802023848856,2.444590437297087,2.444590437297087,-7.4525833516852895,-63.31106980956651,0.0
370,-5.416719704732061,-64.22437801596398,0.10217451838918815,-0.7918472079011643,1.225802023848856,1.225802023848856,2.444590437297087,2.444590437297087,-5.476814296206587,-65.88232689827217,0.0
371,-4.150513583663215,-66.42352327280223,1.1626967728173097,-2.0740038916847556,1.225802023848856,1.225802023848856,2.444590437297087,2.444590437297087,-6.333993471853778,-68.53413866708615,0.0
372,-7.377693988387064,-67.82515925769424,-2.836818730259389,-1.4614250521794914,1.225802023848856,1.225802023848856,2.444590437297087,2.444590437297087,-6.971560463161776,-67.09622965095618,0.0
373,-9.340316267619501,-68.93348138946816,-2.0403585749492366,-1.1397211531344624,1.225802023848856,1.225802023848856,2.444590437297087,2.444590437297087,-9.277809947965647,-68.64608947081652,0.0
374,-15.118811338374613,-68.02297079658273,-5.446088225901921,0.7281975428732228,1.225802023848856,1.225802023848856,2.444590437297087,2.444590437297087,-15.704466034486323,-66.41289969322519,0.0
375,-16.244684958087245,-66.1070774432802,-1.5100406794075618,1.8102797093296201,1.225802023848856,1.225802023848856,2.444590437297087,2.444590437297087,-17.740248908848347,-66.78429487269091,0.0
376,-18.38806256136459,-64.38127642051954,-2.0870592936520023,1.7333131330571279,1.225802023848856,1.225802023848856,2.444590437297087,2.444590437297087,-15.780966898365993,-63.89492283424723,0.0
377,-14.095936921980707,-58.64290127011167,3.7248684676073474,5.3822324493260245,1.225802023848856,1.225802023848856,2.444590437297087,2.444590437297087,-10.580152372409607,-58.99660584954862,0.0
378,-9.925158598252573,-62.40208221554061,4.131126617984282,-2.946297738125369,1.225802023848856,1.225802023848856,2.444590437297087,2.444590437297087,-11.783488620965677,-61.28743557831083,0.0
379,-11.916406545628892,-60.35060922912749,-1.4468271605579908,1.6070555073543922,1.225802023848856,1.225802023848856,2.444590437297087,2.444590437297087,-12.229432039806202,-61.739567405001836,0.0
380,-12.178764738556968,-62.075582902040026,-0.3676848958984271,-1.4286791668093,1.225802023848856,1.225802023848856,2.444590437297087,2.444590437297087,-13.207747177395108,-62.96511858138854,0.0
381,-14.004613035906232,-68.12976108946098,-1.6961838251983674,-5.642864278194219,1.225802023848856,1.225802023848856,2.444590437297087,2.444590437297087,-13.80159385278451,-68.27941638091382,0.0
382,-15.526903106065934,-68.98594602895731,-1.5377532493445525,-1.2818315091402503,1.225802023848856,1.225802023848856,2.444590437297087,2.444590437297087,-15.82662854704387,-68.5274986069462,0.0
383,-15.388329645213103,-64.69155394697252,-0.010490778322234995,3.798536756155597,1.225802023848856,1.225802023848856,2.444590437297087,2.444590437297087,-15.29586817972095,-66.51763583798706,0.0
384,-17.74306365936414,-63.23600401567405,-2.14627653849048,1.6638956829469653,1.225802023848856,1.225802023848856,2.444590437297087,2.444590437297087,-18.166874704487714,-63.800483645168946,0.0
385,-15.122807064429018,-65.57034506917142,2.1964014891764334,-1.9788052778431813,1.225802023848856,1.225802023848856,2.444590437297087,2.444590437297087,-15.9548311429426,-66.3551767433738,0.0
386,-16.434536781766536,-66.1984289911188,-0.9997756656337606,-0.748194309755019,1.225802023848856,1.225802023848856,2.444590437297087,2.444590437297087,-18.0459138054945,-64.09131502462566,0.0
387,-20.102602557695604,-66.28028730094513,-3.4307930338257817,-0.14111100099929752,1.225802023848856,1.225802023848856,2.444590437297087,2.444590437297087,-17.48330941939555,-64.74047226424825,0.0
388,-21.632157104748934,-69.84701950434697,-1.69861864821993,-3.262115200563537,1.225802023848856,1.225802023848856,2.444590437297087,2.444590437297087,-20.48987032212652,-71.07968924108897,0.0
389,-21.628840204779898,-76.46235797606163,-0.14802455755979582,-6.317159320444426,1.225802023848856,1.225802023848856,2.444590437297087,2.444590437297087,-22.08323138144064,-76.61649016233508,0.0
390,-25.951874174219487,-79.90682628088675,-3.95177901195143,-3.6999170177898515,1.225802023848856,1.225802023848856,2.444590437297087,2.444590437297087,-25.350785452309097,-77.14702457709446,0.0
391,-21.757699259344204,-79.30224910563815,3.469811091838322,0.22180802409475753,1.225802023848856,1.225802023848856,2.444590437297087,2.444590437297087,-22.053767205772107,-78.55475195884384,0.0
392,-19.77237411673856,-87.23321904892082,2.1173302984277953,-7.2059993051143785,1.225802023848856,1.225802023848856,2.444590437297087,2.444590437297087,-20.981667201968154,-86.8710760198547,0.0
393,-20.028544838095925,-85.2773385534036,-0.0451115516004994,1.141177351084396,1.225802023848856,1.225802023848856,2.444590437297087,2.444590437297087,-21.158477965460335,-84.27014022009925,0.0
394,-19.078479693144594,-85.40748736749117,0.861570905604167,-0.01709849615020609,1.225802023848856,1.225802023848856,2.444590437297087,2.444590437297087,-18.822706505816903,-86.60012522091402,0.0
395,-17.34180193970052,-83.73220941102956,1.6588605023816092,1.5247865237523774,1.225802023848856,1.225802023848856,2.444590437297087,2.444590437297087,-18.51176322718994,-82.89933182668207,0.0
396,-18.707576804779006,-83.71413379465197,-1.096814782840495,0.15205708532294104,1.225802023848856,1.225802023848856,2.444590437297087,2.444590437297087,-18.53288555338013,-85.69753833136356,0.0
397,-18.645336210114984,-87.41804149503086,-0.04082625200641843,-3.3610231936953383,1.225802023848856,1.225802023848856,2.444590437297087,2.444590437297087,-17.581071607653456,-86.78298499739581,0.0
398,-14.998877336445284,-88.1781043809883,3.3185738924563886,-0.9913484504234709,1.225802023848856,1.225802023848856,2.444590437297087,2.444590437297087,-13.943418229380836,-87.75078170407626,0.0
399,-7.715543657024434,-90.61288396020329,6.930774779320668,-2.306425147047298,1.225802023848856,1.225802023848856,2.444590437297087,2.444590437297087,-7.9048967124949145,-89.80483468964148,0.0
400,-2.5431429968800545,-92.49984300874256,5.328760812771951,-1.9242592922527832,1.225802023848856,1.225802023848856,2.444590437297087,2.444590437297087,-2.833537390323375,-91.85667626506732,0.0
401,0.14556966536687366,-93.41415019262199,2.9234740405329127,-1.004115299279681,1.225802023848856,1.225802023848856,2.444590437297087,2.444590437297087,0.2823607184372041,-93.64008390600006,0.0
402,1.3315238655920965,-96.87025873306457,1.3404599248381461,-3.2380695956874233,1.225802023848856,1.225802023848856,2.444590437297087,2.444590437297087,1.8940376427774515,-95.43036221585386,0.0
403,3.581308037486164,-98.88422600844329,2.168924202160084,-2.1228183006229333,1.225802023848856,1.225802023848856,2.444590437297087,2.444590437297087,2.2996647411038103,-97.78733202581464,0.0
404,4.9352403985072275,-98.00814526618552,1.4264039967673963,0.6094092148815795,1.225802023848856,1.225802023848856,2.444590437297087,2.444590437297087,4.9977681322177405,-95.71377366156865,0.0
405,9.230781627174816,-90.75050655939052,4.0404085293194445,6.666457247330807,1.225802023848856,1.225802023848856,2.444590437297087,2.444590437297087,7.778106466900029,-90.4221274511645,0.0
406,9.686459199010645,-88.92995611548263,0.7744431141218415,2.251463705846219,1.225802023848856,1.225802023848856,2.444590437297087,2.444590437297087,9.508257438156669,-91.70000359724632,0.0
407,11.240927559411569,-96.13651701495353,1.4851060641572271,-6.365523628326648,1.225802023848856,1.225802023848856,2.444590437297087,2.444590437297087,12.800604241824756,-98.49216767048605,0.0
408,13.937786199042787,-102.84729836171523,2.5891057925086027,-6.6800799454150885,1.225802023848856,1.225802023848856,2.444590437297087,2.444590437297087,13.624535638595088,-102.91294961438719,0.0
409,12.653899575810023,-99.67013137677142,-0.9394879661742577,2.300629610041704,1.225802023848856,1.225802023848856,2.444590437297087,2.444590437297087,11.66691572883571,-97.95671078618422,0.0
410,16.990019590395146,-96.89927915904988,3.866996373558612,2.7290385457026334,1.225802023848856,1.225802023848856,2.444590437297087,2.444590437297087,15.80516888946654,-96.04367848050316,0.0
411,15.551996030953624,-92.84338376074733,-0.9662845151903561,3.9379071171257056,1.225802023848856,1.225802023848856,2.444590437297087,2.444590437297087,14.580556937615084,-93.47609387278852,0.0
412,18.443006220508366,-85.28505106867736,2.548007422290399,7.236393072223745,1.225802023848856,1.225802023848856,2.444590437297087,2.444590437297087,15.002537164121255,-87.71792901093811,0.0
413,16.170603190357983,-83.99715327095409,-1.8437569838674341,1.8168566915569677,1.225802023848856,1.225802023848856,2.444590437297087,2.444590437297087,16.10268691142836,-85.30606741286896,0.0
414,19.838934726144547,-85.98977507422423,3.1781793020665163,-1.6538710036612119,1.225802023848856,1.225802023848856,2.444590437297087,2.444590437297087,19.679847993763243,-87.25712415261374,0.0
415,21.131265630661254,-86.66881161857765,1.4600264705840016,-0.7657218880363684,1.225802023848856,1.225802023848856,2.444590437297087,2.444590437297087,21.226961217547466,-86.53121270812704,0.0
416,24.364315994890365,-86.98797475758326,3.0753875076166928,-0.3588725463462601,1.225802023848856,1.225802023848856,2.444590437297087,2.444590437297087,25.059524720658302,-86.59055629637731,0.0
417,19.99040734542691,-85.07864381072324,-3.711493824662308,1.7076351640795928,1.225802023848856,1.225802023848856,2.444590437297087,2.444590437297087,18.692530185537535,-85.26906858763026,0.0
418,22.660801226997638,-84.25717734949068,2.1028963707076427,0.9002673672057786,1.225802023848856,1.225802023848856,2.444590437297087,2.444590437297087,21.8595268497567,-84.27012420179675,0.0
419,26.951374205147182,-89.49034289383327,4.096037899118908,-4.687761414628776,1.225802023848856,1.225802023848856,2.444590437297087,2.444590437297087,25.615134728190913,-89.80932003065108,0.0
420,26.53792213602559,-86.65524613098138,-0.012454049407284451,2.166140572017219,1.225802023848856,1.225802023848856,2.444590437297087,2.444590437297087,27.088426348292632,-84.80949065079436,0.0
421,22.07142442363126,-82.20428256904889,-4.070430152391362,4.2477899212754755,1.225802023848856,1.225802023848856,2.444590437297087,2.444590437297087,22.15516043537017,-82.41857599332036,0.0
422,20.390760109400894,-82.51273653560716,-1.8931698027518005,0.09670155861737673,1.225802023848856,1.225802023848856,2.444590437297087,2.444590437297087,19.663318607140653,-84.03086559077772,0.0
423,20.26611350824165,-87.00623990275831,-0.2819092420902636,-4.085327919754772,1.225802023848856,1.225802023848856,2.444590437297087,2.444590437297087,19.841077081163515,-84.95993566844992,0.0
424,18.33656651882888,-83.29735702581692,-1.7830338629758402,3.0157971584403827,1.225802023848856,1.225802023848856,2.444590437297087,2.444590437297087,17.20657454328175,-83.27978852749543,0.0
425,16.684489635997597,-85.07328728070277,-1.6637219890573938,-1.3498347945816498,1.225802023848856,1.225802023848856,2.444590437297087,2.444590437297087,17.450237572866303,-84.09349323143607,0.0
426,18.23188499382651,-82.58635374158497,1.2618527119331786,2.145756041273994,1.225802023848856,1.225802023848856,2.444590437297087,2.444590437297087,18.067910272956134,-81.06106747160239,0.0
427,19.598784766304867,-79.26130877329012,1.3575586577287728,3.220178890814492,1.225802023848856,1.225802023848856,2.444590437297087,2.444590437297087,20.282641383590356,-81.2299027965898,0.0
428,18.32522084186284,-75.22401290606737,-1.0395962357440163,3.964635257769724,1.225802023848856,1.225802023848856,2.444590437297087,2.444590437297087,18.4620441974851,-75.30525336220218,0.0
429,19.443857952910225,-74.29712312725705,0.9267202192835877,1.1970156533632932,1.225802023848856,1.225802023848856,2.444590437297087,2.444590437297087,20.460618762594514,-73.52846022931752,0.0
430,23.20029313151077,-68.579630887443,3.5048080316208146,5.315517255481417,1.225802023848856,1.225802023848856,2.444590437297087,2.444590437297087,23.770935800717453,-68.19318136530819,0.0
431,18.028980887766224,-69.23437577795488,-4.39980436286946,-0.12385041805944308,1.225802023848856,1.225802023848856,2.444590437297087,2.444590437297087,16.17581085464556,-70.65562904661195,0.0
432,9.94774857357681,-77.73451856427599,-7.7538681713268875,-7.75529654519917,1.225802023848856,1.225802023848856,2.444590437297087,2.444590437297087,8.59428738257225,-77.37175430433709,0.0
433,5.801294612171999,-79.75081641806307,-4.467236569783122,-2.526627653078589,1.225802023848856,1.225802023848856,2.444590437297087,2.444590437297087,8.589489937533285,-78.13317416990975,0.0
434,9.716646555079308,-78.06688794381925,3.1699458288362052,1.309512591107692,1.225802023848856,1.225802023848856,2.444590437297087,2.444590437297087,10.674110498644044,-79.9202679952133,0.0
435,15.809102699219338,-87.92985513948224,5.832577342482837,-8.869475181855218,1.225802023848856,1.225802023848856,2.444590437297087,2.444590437297087,16.696701981639848,-87.15514730579521,0.0
436,12.764350668696443,-88.7581312876678,-2.2553520043563147,-1.5433248369152617,1.225802023848856,1.225802023848856,2.444590437297087,2.444590437297087,11.49312427544821,-88.22855344446319,0.0
437,9.674675086168671,-89.52762568814032,-3.0154849079716746,-0.8383058347574694,1.225802023848856,1.225802023848856,2.444590437297087,2.444590437297087,10.018300867923733,-90.23714989118552,0.0
438,7.012907773540443,-85.50322329872124,-2.693220992815962,3.5919950923463793,1.225802023848856,1.225802023848856,2.444590437297087,2.444590437297087,8.414345585335033,-85.91727085552654,0.0
439,7.7301801668662105,-84.98747220542833,0.4140006034507837,0.7893003772399338,1.225802023848856,1.225802023848856,2.444590437297087,2.444590437297087,7.477320812867182,-84.31350259929454,0.0
440,4.671044172372981,-82.18928592831861,-2.75029377335924,2.619549829672598,1.225802023848856,1.225802023848856,2.444590437297087,2.444590437297087,3.096131762181387,-81.16173364486139,0.0
441,3.543496747217068,-79.14222700057829,-1.271847130158263,3.009043475229655,1.225802023848856,1.225802023848856,2.444590437297087,2.444590437297087,3.4859789029328456,-79.37580061571138,0.0
442,-3.3431750191239917,-76.54056915534476,-6.387383914275848,2.6378838557223054,1.225802023848856,1.225802023848856,2.444590437297087,2.444590437297087,-3.2320579646739893,-77.40716640315483,0.0
443,-2.266666402311838,-76.96189359790968,0.41279583656296825,-0.14929002666724234,1.225802023848856,1.225802023848856,2.444590437297087,2.444590437297087,-2.273759908584886,-77.29497987252448,0.0
444,3.8527446931303517,-76.63496642308276,5.61196093274122,0.2845804446871573,1.225802023848856,1.225802023848856,2.444590437297087,2.444590437297087,5.121061643918447,-77.26096168949996,0.0
445,4.5160429855420565,-77.11186934699727,1.1033489262931653,-0.4091894297044762,1.225802023848856,1.225802023848856,2.444590437297087,2.444590437297087,2.635909727525651,-76.54027052616563,0.0
446,4.484351031753404,-78.50925908312689,0.06923944830185591,-1.3095158593168492,1.225802023848856,1.225802023848856,2.444590437297087,2.444590437297087,2.6303358556737586,-78.10081091417263,0.0
447,4.052993688040334,-77.89672392821305,-0.386842703767736,0.4416203383992119,1.225802023848856,1.225802023848856,2.444590437297087,2.444590437297087,4.372058907915457,-77.20377598582624,0.0
448,5.111251366205564,-76.62523399244184,0.9297548107623315,1.1976953231850884,1.225802023848856,1.225802023848856,2.444590437297087,2.444590437297087,4.4807236157185795,-75.31170688033072,0.0
449,1.675984158068447,-68.89445527920728,-3.0471157324900857,7.149836407011746,1.225802023848856,1.225802023848856,2.444590437297087,2.444590437297087,2.748786952653247,-68.45824881035374,0.0
450,-0.5987144463313394,-66.35093851766645,-2.343384362864502,2.953125180456027,1.225802023848856,1.225802023848856,2.444590437297087,2.444590437297087,-1.1020118143010174,-68.82650081529393,0.0
451,2.2143975360909103,-68.43745975034761,2.354580122347872,-1.6383800357916956,1.225802023848856,1.225802023848856,2.444590437297087,2.444590437297087,1.7439640958011582,-70.26097657834158,0.0
452,3.0029067584777147,-72.43214076764131,0.9277691684204845,-3.785151328994635,1.225802023848856,1.225802023848856,2.444590437297087,2.444590437297087,1.8038947900588054,-75.42938359931611,0.0
453,3.165655321669988,-78.71829235930274,0.23077659959942642,-6.0637547885423215,1.225802023848856,1.225802023848856,2.444590437297087,2.444590437297087,0.09857848293966476,-77.63065050047658,0.0
454,-0.7806228129042054,-76.4146044966767,-3.5748413005999407,1.5596285661595797,1.225802023848856,1.225802023848856,2.444590437297087,2.444590437297087,-2.4487778541387453,-74.28283992213085,0.0
455,-1.753233753209786,-71.731381548652,-1.2040094418362624,4.405463119232504,1.225802023848856,1.225802023848856,2.444590437297087,2.444590437297087,-2.4099659538152016,-72.24313191490974,0.0
456,-5.954767345606311,-65.25408336186837,-3.9349843247662712,6.293064101529227,1.225802023848856,1.225802023848856,2.444590437297087,2.444590437297087,-4.152110475710991,-67.74177270232113,0.0
457,-6.825061571687845,-66.4699148426779,-1.1428161008979294,-0.5481168878143894,1.225802023848856,1.225802023848856,2.444590437297087,2.444590437297087,-4.474380740809434,-64.71215508883543,0.0
458,-8.373624239848557,-62.823181782597125,-1.5124824082811794,3.2737138197783096,1.225802023848856,1.225802023848856,2.444590437297087,2.444590437297087,-7.53060308656405,-61.92499254770802,0.0
459,-3.443297430239973,-58.02569708572216,4.357411966474132,4.661986201808461,1.225802023848856,1.225802023848856,2.444590437297087,2.444590437297087,-4.057091649965873,-56.90629132949434,0.0
460,-1.3151620330340998,-50.74653192348287,2.3263696755761325,7.046437384206286,1.225802023848856,1.225802023848856,2.444590437297087,2.444590437297087,-1.6641532689832128,-52.398437377953016,0.0
461,-1.1248734345725655,-51.29539589676509,0.3802356407888896,0.12653409278214234,1.225802023848856,1.225802023848856,2.444590437297087,2.444590437297087,-2.078772552182339,-53.856257010972826,0.0
462,-2.432897849787624,-54.19274656530799,-1.1578990254285724,-2.6284573325613256,1.225802023848856,1.225802023848856,2.444590437297087,2.444590437297087,-0.38429748297414723,-55.08579852823854,0.0
463,-1.693042013158946,-53.83977967899325,0.5711015103195582,0.0878492752062554,1.225802023848856,1.225802023848856,2.444590437297087,2.444590437297087,-1.8245438114268964,-54.10212836230352,0.0
464,0.5520874437385741,-54.635783917865204,2.0962696310076994,-0.7174092067598868,1.225802023848856,1.225802023848856,2.444590437297087,2.444590437297087,-0.9886067036071974,-54.899678776389806,0.0
465,2.9198239179520202,-54.4901490777771,2.3435967893909355,0.06889025119897918,1.225802023848856,1.225802023848856,2.444590437297087,2.444590437297087,2.820336896438883,-54.89568781168297,0.0
466,7.536829013306331,-52.54666125505669,4.41484648426662,1.7767927154609366,1.225802023848856,1.225802023848856,2.444590437297087,2.444590437297087,7.961019911798804,-51.88941859618946,0.0
467,9.400621822728164,-52.987973481990714,2.090640519252045,-0.24407136473382351,1.225802023848856,1.225802023848856,2.444590437297087,2.444590437297087,9.673924284703862,-52.405964790391636,0.0
468,11.567005997450305,-51.888121120408904,2.159648810842114,0.9803464403589901,1.225802023848856,1.225802023848856,2.444590437297087,2.444590437297087,12.601486954917052,-52.000181535371766,0.0
469,11.72302747181125,-53.94782786996561,0.3341903138157285,-1.7893756660931799,1.225802023848856,1.225802023848856,2.444590437297087,2.444590437297087,9.844014767032462,-55.194711710728335,0.0
470,2.9212352944060207,-57.87629640517636,-7.98939190311132,-3.7382536748734947,1.225802023848856,1.225802023848856,2.444590437297087,2.444590437297087,2.8692004357213605,-57.35313722455337,0.0
471,-3.6819562962960726,-53.90662642660828,-6.7264568788207715,3.2842571840153734,1.225802023848856,1.225802023848856,2.444590437297087,2.444590437297087,-3.4763193723343138,-54.28120001399053,0.0
472,-1.938453149291158,-51.85244978291717,0.9903276834079371,2.1635592710465428,1.225802023848856,1.225802023848856,2.444590437297087,2.444590437297087,-1.5841218234021117,-52.93740970954548,0.0
473,2.095465252474063,-52.94537069158399,3.763272750155462,-0.8033444571167005,1.225802023848856,1.225802023848856,2.444590437297087,2.444590437297087,1.40493057070626,-53.683600187076,0.0
474,0.18320443310104384,-50.79123485044295,-1.4075745381679177,1.8911473987012504,1.225802023848856,1.225802023848856,2.444590437297087,2.444590437297087,0.7735062148445889,-51.741606571195895,0.0
475,4.287700706614936,-53.23662957063233,3.6143456144423807,-2.059775766753432,1.225802023848856,1.225802023848856,2.444590437297087,2.444590437297087,6.237024066756132,-52.407345661405365,0.0
476,5.248925093617705,-51.03909110010411,1.1971482643720743,1.81896470931026,1.225802023848856,1.225802023848856,2.444590437297087,2.444590437297087,5.9147956473052545,-48.71011747995107,0.0
477,4.4624001161065605,-46.8332192452431,-0.6101305188567001,3.9936205702703442,1.225802023848856,1.225802023848856,2.444590437297087,2.444590437297087,3.597417247697292,-47.33619147388036,0.0
478,8.421032161452118,-49.18750979599363,3.552363320125439,-1.7898143446209418,1.225802023848856,1.225802023848856,2.444590437297087,2.444590437297087,8.315131742067543,-50.574104938676825,0.0
479,7.666543489622133,-49.195062200426264,-0.37150985778671775,-0.16603673717559864,1.225802023848856,1.225802023848856,2.444590437297087,2.444590437297087,8.05399464019837,-49.8758813810048,0.0
480,4.720661888867049,-45.67061317741771,-2.7169603750268503,3.196279431316321,1.225802023848856,1.225802023848856,2.444590437297087,2.444590437297087,5.186426813244749,-46.13812364723339,0.0
481,10.784972914642939,-42.614530639797934,5.28345277637397,3.068549285996718,1.225802023848856,1.225802023848856,2.444590437297087,2.444590437297087,12.012215826904141,-42.006189189269236,0.0
482,8.38596063743671,-41.22185980315716,-1.7158633413605981,1.5416952150530938,1.225802023848856,1.225802023848856,2.444590437297087,2.444590437297087,7.307083156488478,-42.994982169441315,0.0
483,9.10041573601345,-48.117765335305656,0.49834354526280844,-6.145607557300586,1.225802023848856,1.225802023848856,2.444590437297087,2.444590437297087,9.615749718528189,-49.04854518107948,0.0
484,12.072275543164693,-47.78217430131419,2.751906967753885,-0.24073751287019718,1.225802023848856,1.225802023848856,2.444590437297087,2.444590437297087,11.974561860857627,-44.92737374716888,0.0
485,13.714309726302853,-46.86621908394005,1.7407275590853644,0.8130984647230455,1.225802023848856,1.225802023848856,2.444590437297087,2.444590437297087,11.245779458434567,-46.83586840323572,0.0
486,13.51819132209585,-43.40125182773204,-0.023887974326496142,3.2291547493797546,1.225802023848856,1.225802023848856,2.444590437297087,2.444590437297087,14.457666001730384,-43.39823239751125,0.0
487,15.16659070261813,-39.75550481840543,1.4996943335190853,3.6087023163694227,1.225802023848856,1.225802023848856,2.444590437297087,2.444590437297087,18.043992465654323,-41.531743522513985,0.0
488,21.817724930087813,-37.62627400155921,6.193052002938764,2.260790072041554,1.225802023848856,1.225802023848856,2.444590437297087,2.444590437297087,20.322260074840365,-36.00555315441699,0.0
489,22.317682985953056,-33.612492127776605,1.0062058610277287,3.8579003337361026,1.225802023848856,1.225802023848856,2.444590437297087,2.444590437297087,20.419765026228298,-31.44862442714188,0.0
490,17.63649400188047,-30.932140337889326,-4.1754479609678254,2.785063107026561,1.225802023848856,1.225802023848856,2.444590437297087,2.444590437297087,17.22982932653372,-30.550879735119622,0.0
491,22.566503831108562,-30.75016011533727,4.1203239072777125,0.4134545332120174,1.225802023848856,1.225802023848856,2.444590437297087,2.444590437297087,21.871634485430167,-31.104883583839655,0.0
492,20.39682762124878,-29.66539256898987,-1.6103496321893944,1.0250722835190913,1.225802023848856,1.225802023848856,2.444590437297087,2.444590437297087,17.69042007726566,-31.07831787241809,0.0
493,17.836719546266558,-34.75984389398662,-2.475652569492878,-4.550284054220609,1.225802023848856,1.225802023848856,2.444590437297087,2.444590437297087,15.950546783073491,-37.24795082912564,0.0
494,17.81166744733889,-34.44100433384584,-0.24296719414430568,-0.11413821358845322,1.225802023848856,1.225802023848856,2.444590437297087,2.444590437297087,18.88851222048396,-32.84150286364354,0.0
495,14.312662276571903,-32.302187769900286,-3.2094680413053784,1.9384767448840385,1.225802023848856,1.225802023848856,2.444590437297087,2.444590437297087,14.860511692359715,-32.56178671683763,0.0
496,19.203333941484527,-29.688299305169757,4.170381786350145,2.553828732020677,1.225802023848856,1.225802023848856,2.444590437297087,2.444590437297087,19.068170801384927,-28.77743778164042,0.0
497,19.860484253991984,-27.19472783885926,0.9695578960104285,2.4989297317448043,1.225802023848856,1.225802023848856,2.444590437297087,2.444590437297087,18.660951200989267,-27.1466120661225,0.0
498,16.181563250016712,-27.288587156633074,-3.2655636516569295,0.13669963273197583,1.225802023848856,1.225802023848856,2.444590437297087,2.444590437297087,18.035332185524002,-28.209473636200837,0.0
499,14.325261053329005,-25.27694230839662,-1.9816181540758684,1.8449188273814918,1.225802023848856,1.225802023848856,2.444590437297087,2.444590437297087,16.81489199257186,-25.926789753844204,0.0
