n,x1,x2,y1,y2
0,-0.005361050129877772,-0.008551395366112845,22.007569300092264,-16.4215011275545
1,-0.03601052937814405,-0.06404424692168756,-24.35253649987855,-5.829052442943228
2,-0.08794875227948218,-0.17722477965604483,27.575779226684958,34.73025017332954
3,-0.1560169847531244,-0.332470544946215,7.456323344599101,14.210564610771367
4,-0.23405058045467886,-0.5109864886129244,9.770695227358686,31.79942926091528
5,-0.3132984843123386,-0.7123911846323077,19.013685921166797,-3.8804533854516094
6,-0.4089630592055922,-0.9335758171296339,30.89835384973642,-2.5367267143367487
7,-0.5149748803115518,-1.1460470861567578,27.468808952774737,-18.07948520128381
8,-0.6462625327810155,-1.3622279525565366,32.62924902039366,25.2677274900202
9,-0.7887511655771943,-1.599844000758735,-16.58591652244273,11.193447822690128
10,-0.9411676084713856,-1.8357597027904948,8.42212145239062,-2.95542113571783
11,-1.0820622743270314,-2.068449607526564,29.45370625300194,4.3892972165488455
12,-1.1901240474118162,-2.2884692704638847,-15.779067515260822,-33.79523165298064
13,-1.2887687507075027,-2.5022082452752676,25.827412464341542,-3.0618242763600896
14,-1.4031573335423977,-2.7079769068475232,-18.347251894300054,-7.924074885769613
15,-1.563674580441459,-2.905202702952997,-49.78604666556118,7.434547511841765
16,-1.7775741184309206,-3.111193961113577,37.85213677739301,-38.257263860014305
17,-2.024631842723102,-3.3358992683637405,-4.768041140916626,-4.061567970584224
18,-2.29935224869675,-3.591708627812333,-21.09899914377461,-5.171458517019962
19,-2.615621196163906,-3.8961064947165736,26.15574752546295,6.548270980162844
20,-2.9637455186807675,-4.264779385452086,9.973526454436382,-13.753716665272822
21,-3.310694931571185,-4.714585821320981,-14.64812227771284,-44.09714262192774
22,-3.640146648128346,-5.247845725967305,23.0540869743209,-12.417967192576858
23,-3.9335976023017394,-5.870487807886322,-23.399130369063087,-11.287868658182733
24,-4.2048981781831,-6.600113941625613,-6.420939610455877,21.148878265689973
25,-4.471971197191523,-7.457632897627421,-41.852523275220676,-53.63009851023978
26,-4.756634670000482,-8.44306682581722,-27.921387310572264,2.2492588613500235
27,-5.043080772466728,-9.569411974408515,-9.7390748638895,18.5863556756519
28,-5.316244774638841,-10.838183238181818,-34.41409890010873,-21.691971718671
29,-5.585045001885282,-12.248141058124547,-11.50956787171145,20.601039034106158
30,-5.86979236280732,-13.788320833964978,-4.8324150581242264,-18.290917288744737
31,-6.189023055256151,-15.430677378889275,17.741648872166376,-6.761775420559527
32,-6.538996161220681,-17.175379017988092,-6.290685460811063,-28.399091159046513
33,-6.872095481386314,-19.01477854400052,-17.2673464191343,-27.911791975205208
34,-7.188028718769498,-20.94309943910105,-31.702241705274844,-51.53825524016575
35,-7.506178698884523,-22.959142803348104,-52.7131880390248,-56.44937957701411
36,-7.8422076145247415,-25.05781891814881,-12.902008650642076,-49.594141805832464
37,-8.195932767504768,-27.227216932374464,-3.835272595786787,-39.685167309861754
38,-8.571902789020186,-29.46558391771923,0.24330841768940026,-48.096022616616374
39,-8.986709189030778,-31.785361886560956,1.2781010205229517,-36.28911031443935
40,-9.45304464366989,-34.17045064504,-4.590886382858348,-16.076143915037118
41,-9.972743766485864,-36.61430733348536,49.83615816830733,-20.033005849188243
42,-10.53518525460305,-39.10123881373684,28.899921437181085,-52.720670419111386
43,-11.148122185463798,-41.596482304665194,-8.498911611081256,-46.13182371836035
44,-11.805106660321458,-44.10964268843124,-36.71523759743285,-72.54793071282145
45,-12.496910736989989,-46.65876423988567,10.919518808925819,-33.89532070277779
46,-13.203744567820678,-49.25382818466284,24.54115920134371,-65.44744308606661
47,-13.924537394337841,-51.90486282673471,15.656209393456097,-43.214392456974444
48,-14.665120178312405,-54.63452220784209,-32.55178903217142,-15.355545432387487
49,-15.440400658216683,-57.4722859419981,37.48683625743758,-52.244798202907084
50,-16.247032656288987,-60.40959975494054,-73.80353047072776,-26.78423072791361
51,-17.087818779406827,-63.412386960484014,-11.114975510107193,-72.86674209144178
52,-17.959385693835348,-66.47817297927591,-52.388366717057565,-45.76919297820555
53,-18.85767996002014,-69.63644130754952,-13.097692195910962,-73.32678501466218
54,-19.790525065272337,-72.87855685835456,4.095559104379195,-50.786210942609856
55,-20.7817012213023,-76.19605334868814,-71.11856117550275,-124.24891964461662
56,-21.834503907823024,-79.58010806923383,7.446194224215645,-49.21168577713384
57,-22.96245282025256,-83.02781823079991,-31.07049179114942,-94.54842188880781
58,-24.183205153477005,-86.54272101995817,-38.62883888161028,-106.1224558457136
59,-25.524362852010636,-90.16459234992874,-1.8315951926333582,-76.90660064779983
60,-26.97626599411853,-93.91512897651022,30.058724510186654,-98.99391950597925
61,-28.52367946085663,-97.77001734152007,-0.5676319359354842,-135.36994111492317
62,-30.15038595487995,-101.70709450958311,-31.268647486969854,-124.71521471248413
63,-31.853138362983284,-105.70131458056296,-20.40558708095306,-136.4441198770103
64,-33.64426883502514,-109.74334215108539,-30.77365255190252,-110.79219952578471
65,-35.50188482991719,-113.8249662296247,-19.691040359575485,-145.32672955973123
66,-37.39777867039732,-117.96009281398459,-14.30052954507293,-101.3849812882855
67,-39.32464086704121,-122.13625677662417,-59.520159856751704,-77.55615502390316
68,-41.274188116938625,-126.32965890783133,-14.623557529193349,-80.05780505549598
69,-43.22196941945502,-130.55542713493932,-49.27090280008298,-130.03718868321937
70,-45.154349395499736,-134.84254119551878,-31.661282795123604,-156.1521349120199
71,-47.05004048437533,-139.17674441723082,-58.069636474245314,-134.01552037452495
72,-48.9283082569102,-143.5813896353789,-115.04130894329391,-114.41511297128532
73,-50.808486076525455,-148.06821813886796,-48.89710149938979,-140.24007821437135
74,-52.72585959599273,-152.6415294541323,-109.94459822409218,-137.9463219914862
75,-54.701125889508944,-157.3095176925936,-44.697523121232294,-162.88438303284144
76,-56.74023180905051,-162.08816676130388,-39.12292699280947,-158.22362011700852
77,-58.861953310712195,-166.99273827243218,-74.67666591831069,-135.35245964098442
78,-61.08487138893841,-172.0513939172415,-24.117045540701127,-181.12252092098984
79,-63.40739624667124,-177.2910775699633,-58.05354263798614,-173.56377531439236
80,-65.8093779605792,-182.72578395306462,-52.43391952629493,-153.88476178486667
81,-68.28186912349902,-188.33249533996107,-54.47926176976291,-212.92488071217772
82,-70.79599332688353,-194.09712967646965,-85.21380569551343,-210.3133519150501
83,-73.35693998318868,-200.02308257182753,-97.48346122941831,-181.57158244991544
84,-75.968703953579,-206.12786803776322,-70.43288972931161,-224.23895341030652
85,-78.63062867521919,-212.42294408469792,-97.44145569634864,-220.7817096380443
86,-81.34361540134465,-218.8853374820864,-67.85021888531179,-215.95880587176146
87,-84.09695687858103,-225.49403712619952,-82.4649329113185,-250.199345308273
88,-86.8741819501878,-232.25036174389032,-117.34455498022095,-215.99340102021094
89,-89.66702057081237,-239.14159244257638,-90.04032085939818,-251.13112447304385
90,-92.45763978539043,-246.1640433514151,-89.07892884483303,-283.0194454343951
91,-95.25514821447054,-253.32281215786122,-114.05547990446263,-262.05713037394884
92,-98.07901542196191,-260.6021943539815,-88.01521872565611,-257.56738153004085
93,-100.93907221237208,-268.00480111737204,-79.88571657215797,-295.31132730248333
94,-103.81276218048208,-275.5596750838591,-84.00451562051835,-250.77655331769057
95,-106.6820129709889,-283.2791897256853,-123.78422988119006,-288.131481210319
96,-109.53111094246667,-291.2037746116817,-103.39165204775533,-313.3783589642499
97,-112.37409694293346,-299.3570044107891,-113.24505023340868,-346.8885862271814
98,-115.22021889949806,-307.7369151613177,-88.25357180456997,-317.76850578154193
99,-118.06818606106665,-316.32845623136893,-147.05962491542806,-280.900714335361
100,-120.92566323423806,-325.1247998097352,-119.1810981588835,-333.9260875393204
101,-123.8040783048112,-334.11802202481186,-126.03244231122383,-327.2704429672426
102,-126.70947183153544,-343.27340655283956,-167.1776234356231,-394.9831249622593
103,-129.64979934368472,-352.57389725787095,-112.84881476527525,-321.34321583017936
104,-132.59589778189158,-362.0013843115986,-144.43852516355574,-387.37105680397787
105,-135.4989904827449,-371.5489878114894,-164.60438816104744,-377.901981232988
106,-138.35202527362802,-381.23424504326005,-138.81636831535533,-329.65990084076407
107,-141.16360123614132,-391.0580258130454,-208.4679266522141,-379.5788282241882
108,-143.93781139660996,-401.025855665125,-152.8636720068224,-407.5408418319736
109,-146.6824418799294,-411.1196374142359,-119.44452004909724,-445.04519230519725
110,-149.40052367743908,-421.33772550346305,-137.22794539404705,-461.30770451206195
111,-152.1033387498152,-431.68825014261773,-161.47957242141155,-452.1790530941698
112,-154.79260692101417,-442.1605112875935,-168.7585637754754,-440.8396420215087
113,-157.45166632307306,-452.75578535293306,-158.00447045038678,-453.40483950790747
114,-160.072326422615,-463.49076439650116,-170.33180389467577,-487.91545848031666
115,-162.62527373473188,-474.3643668787245,-169.1217245770412,-483.33993077075417
116,-165.102569776454,-485.3910040096182,-176.42999347738314,-487.8213844761547
117,-167.50474366240965,-496.5825146557771,-189.66092658088905,-536.2097099080974
118,-169.84236684103894,-507.92087910297903,-156.64569309931687,-497.07814225064476
119,-172.12197424665337,-519.4193102021878,-126.39116791881807,-522.8850931709013
120,-174.3399706680362,-531.1038144071451,-153.9322590811823,-539.9318105801365
121,-176.48565823649287,-542.9886111705357,-185.93048377857843,-555.5162059922612
122,-178.56600491522912,-555.0579952353688,-203.71540657869485,-546.2040463769965
123,-180.57820539850536,-567.2982846836563,-204.83637048789254,-542.7403340626665
124,-182.51497355732891,-579.6908913205822,-165.12210108323873,-537.881637736668
125,-184.34511152255956,-592.2153358587157,-205.00237144817123,-609.7848023899614
126,-186.04913395420218,-604.8960956216117,-181.54648414158993,-650.5624975092153
127,-187.61064138841584,-617.759323852992,-173.8593837748935,-639.5984333449231
128,-189.03994301724856,-630.8193259705309,-132.99201034769058,-645.80405516626
129,-190.32293776416023,-644.1024006688285,-240.87350808155935,-621.789868461457
130,-191.4767589325635,-657.5940611069097,-172.7326118320263,-619.8745696245674
131,-192.5189025558802,-671.2638988932961,-186.5304255056652,-651.097926196153
132,-193.4439614125655,-685.1022284016541,-140.14341491788497,-671.3195062921235
133,-194.26483220330073,-699.0844973037682,-143.55327245227855,-707.3086684473224
134,-194.9960831467047,-713.2211587667524,-188.5157415662751,-714.879447430461
135,-195.62316146858046,-727.5209510624125,-200.23671032726193,-764.6303949826129
136,-196.1580428786045,-741.9752325634237,-184.25146755481765,-754.8669667128747
137,-196.63980089260002,-756.583426596809,-217.00519285917267,-723.5977430062163
138,-197.10321823516267,-771.3358725162341,-202.03348448817005,-784.4618503510653
139,-197.56395012928613,-786.2176819210985,-206.241564718289,-784.8825342546726
140,-198.02971826543668,-801.2293777422902,-167.14818441555153,-762.6155247660067
141,-198.5039020472072,-816.3644353477229,-203.67136016167592,-844.7801160231207
142,-198.99464400409133,-831.6296984636078,-224.76187557539754,-842.5865056402272
143,-199.50123740307498,-847.0444509893349,-206.65155322126333,-860.6457722076439
144,-200.04917026312225,-862.6160016661299,-236.8672894088959,-876.4356162878177
145,-200.64024642797978,-878.338292280885,-153.91468399174707,-918.4874287394879
146,-201.2621160466448,-894.2027891179331,-217.98659169981534,-912.8228847359188
147,-201.90577851220954,-910.1983398528859,-161.24939886309787,-887.3207129387636
148,-202.57207621642297,-926.3284756610167,-198.0607297995466,-933.0575289990412
149,-203.26263776878142,-942.603896435652,-210.58732674755726,-975.8463290732612
150,-203.9970489620932,-959.0469751315093,-204.77772637144915,-957.6576613015727
151,-204.79537341698367,-975.6681325871846,-204.53467428062368,-977.693074055948
152,-205.66681150516197,-992.4738200116979,-209.03658383581862,-970.5653450229617
153,-206.59702462010182,-1009.4458279195811,-254.9466263706296,-992.6237140408507
154,-207.55992207828538,-1026.615069670585,-157.01362809913334,-1049.303043010858
155,-208.5173143740518,-1044.0026278378803,-232.96566543313395,-1018.9357368027892
156,-209.46187593356484,-1061.6102310930664,-200.09123412526324,-1047.6884515144386
157,-210.39685085719358,-1079.436559591578,-221.23724517064278,-1068.1299030000196
158,-211.32877097591455,-1097.49572908862,-179.51726925550625,-1071.042392238561
159,-212.27046724831823,-1115.7846124988127,-178.75237507124848,-1157.0967208824734
160,-213.23357189736677,-1134.2800072866123,-260.4800633641835,-1172.063522210473
161,-214.23517992567704,-1152.9610356146425,-222.5261016369714,-1167.1157936983498
162,-215.2859646094791,-1171.8198585394025,-221.6055197780873,-1135.9542537269526
163,-216.38568366619265,-1190.851388176663,-224.629007593545,-1177.0694559434323
164,-217.49314186843176,-1210.054799631916,-227.75335116005422,-1208.2009071422324
165,-218.58602387685153,-1229.4217772256304,-216.9038247521018,-1253.1290176453783
166,-219.6638202398445,-1248.9381939869154,-232.76597897279038,-1242.3300806125687
167,-220.71096979827303,-1268.6045461997924,-160.79719752343604,-1257.7738951586844
168,-221.71679119560665,-1288.43934988105,-239.95687719650024,-1298.6507655623464
169,-222.69861616033216,-1308.451239633156,-207.56931897809997,-1277.3494808524395
170,-223.65421541509693,-1328.6348422137241,-231.88120505750354,-1301.0464919885462
171,-224.58078687083935,-1348.9820965624094,-291.2433577111893,-1340.1690357706157
172,-225.50865352571964,-1369.4916340745817,-240.45927928128617,-1345.3085265845232
173,-226.4414485138928,-1390.1648273065493,-261.25895566622916,-1412.3658367586802
174,-227.3809518890745,-1411.0031529801818,-250.90586989626632,-1389.8618512363073
175,-228.31831972963835,-1432.020548891907,-224.5070286079096,-1431.2545190884077
176,-229.23075522135122,-1453.2315867390746,-228.0578380773611,-1442.2634315407986
177,-230.14118356964343,-1474.612397623658,-283.6533168620901,-1468.05673281295
178,-231.06190337560577,-1496.143477895714,-278.50671639227943,-1484.6985424826448
179,-231.96848387343917,-1517.8202309157475,-221.62736134111734,-1511.0198852304657
180,-232.85951845051034,-1539.6163089239374,-211.9266700321654,-1509.370958133772
181,-233.72266866468024,-1561.5507483444585,-277.7946733941206,-1547.1928106461394
182,-234.5525247235183,-1583.641696771245,-229.6676972938719,-1608.9629861912426
183,-235.351431774509,-1605.8892986135709,-208.65062548866607,-1604.8493088240118
184,-236.14156982586707,-1628.3111401592346,-217.74919379477714,-1575.6843609282616
185,-236.91004444735424,-1650.8931977288814,-221.5751867835065,-1664.6541187214202
186,-237.6404310806925,-1673.6210327799126,-222.87926848821985,-1689.8054258754612
187,-238.33828256863652,-1696.5000619400082,-222.57371649439256,-1678.5957998997455
188,-239.01820328458888,-1719.5400055465766,-237.26616076658877,-1689.2154088738969
189,-239.7147447043216,-1742.735313672646,-262.83999832382693,-1777.3827884994184
190,-240.45703039703682,-1766.0770539389343,-253.9414917617414,-1772.2879187579324
191,-241.25006608387653,-1789.568080770473,-259.7379296965209,-1802.6291194667592
192,-242.1003933649457,-1813.2135828587473,-238.6615352173932,-1808.2760231870352
193,-243.02549164829637,-1837.023122432999,-269.6192096797831,-1835.836817470278
194,-244.02302091691055,-1861.005652482187,-271.2408471763348,-1822.4441556145136
195,-245.1046010860492,-1885.1747740664086,-233.9515852528013,-1830.1790268927175
196,-246.2885736246752,-1909.5160226813866,-265.3954248409028,-1959.6105522883338
197,-247.6024785784264,-1933.9966860371594,-232.81791501551217,-1901.7963314078727
198,-249.06346759211564,-1958.5921855126553,-248.60911991010008,-1926.3533581276336
199,-250.67166137577166,-1983.2994755930843,-240.9459375369803,-2018.0521682472706
200,-252.41158494797313,-2008.1179478509187,-210.64590502406892,-1986.6005999478514
201,-254.2734062383534,-2033.0363142241263,-237.20242416679613,-1999.0504538952644
202,-256.2333666698912,-2058.0454112307757,-258.02307066273426,-2040.077872150232
203,-258.29545456200447,-2083.147821234482,-237.20715248301875,-2082.8041393985695
204,-260.4731303300876,-2108.3586124776507,-254.7215956141573,-2094.2497696753985
205,-262.77696785283416,-2133.649419827657,-264.759159167009,-2164.8855666044556
206,-265.19787406063705,-2158.9880496081873,-283.0198772459994,-2195.255828757774
207,-267.7447960440724,-2184.3336949707746,-247.2633882297205,-2200.6137816795185
208,-270.43262298776705,-2209.6461894369586,-251.53440053916344,-2262.3363874759716
209,-273.2792821052424,-2234.9055737276713,-256.40999994788416,-2231.4774274800275
210,-276.29475423773005,-2260.1251580926087,-316.9856417130531,-2258.282980040162
211,-279.4823680605242,-2285.297280226956,-265.1096958887619,-2310.928851329916
212,-282.82217912661923,-2310.442206037627,-286.40232683238713,-2303.6297537914365
213,-286.27553782750675,-2335.5860625148466,-317.38495109446205,-2355.830394125548
214,-289.8319811032709,-2360.732292370664,-283.9845788467325,-2415.55404961862
215,-293.50689008103865,-2385.89975223968,-271.940698821623,-2388.657290137826
216,-297.298726558075,-2411.1265990984207,-281.3431931390846,-2400.2636507189577
217,-301.21584396646074,-2436.42252537556,-331.7127970131385,-2438.3102680511
218,-305.30262019578424,-2461.8195900736505,-289.4224232322552,-2483.4639817782113
219,-309.57501934920936,-2487.3396305135534,-326.11721700504694,-2486.9893010866977
220,-313.9972299857451,-2513.011698045895,-254.45329767264155,-2464.9959746493196
221,-318.54381646399247,-2538.839797486108,-321.1387576292948,-2545.7256367793516
222,-323.1974341549286,-2564.829850221175,-282.80865378837956,-2556.864573234656
223,-327.9471472037284,-2590.964234735925,-293.7263179931402,-2614.959250676093
224,-332.785565322017,-2617.2240717916434,-311.9873730268163,-2627.693868302288
225,-337.71947838573533,-2643.594169631106,-356.5535805498678,-2641.8464461759922
226,-342.7614796274977,-2670.0843588232833,-338.8057230057392,-2690.031415542192
227,-347.9229217786576,-2696.7113344430545,-337.8201246063507,-2741.6485411108906
228,-353.2077806161295,-2723.469637782957,-353.40049041987317,-2740.2348283437555
229,-358.60838617208344,-2750.378209350154,-365.1323641627849,-2744.144644744185
230,-364.1361092176866,-2777.4706030281463,-375.67667020391275,-2796.507721042129
231,-369.81294598000517,-2804.7634520152064,-401.12467466581916,-2810.144771703189
232,-375.64149184736516,-2832.273887396659,-383.50041956581214,-2816.386872785321
233,-381.6106527413229,-2860.0094300658166,-345.57458841431486,-2833.282269195658
234,-387.7259204906171,-2887.978411796478,-395.7400831526622,-2862.998488477022
235,-393.99198104428774,-2916.18494142749,-398.3582526418422,-2883.241369494797
236,-400.4202667792513,-2944.6282576641997,-396.2802156219721,-2973.3328494681896
237,-407.0192059028761,-2973.291333662153,-408.8408432146219,-3000.806058813502
238,-413.785697699228,-3002.1892827358197,-431.0998613716676,-3008.5976370614308
239,-420.70662372715617,-3031.352253748115,-434.4336165599266,-3047.2948166260057
240,-427.7824750074518,-3060.79212542587,-420.712994827637,-3041.733483071438
241,-435.00015844373553,-3090.530939531188,-455.5518540019338,-3036.1032665982734
242,-442.36786386099567,-3120.5679092179535,-467.6618628209174,-3113.842785618999
243,-449.87862684074315,-3150.896468631527,-403.7003452258207,-3113.228279602145
244,-457.5354156816298,-3181.5068092788497,-446.092596458042,-3182.3918817444337
245,-465.33340375996266,-3212.385117060296,-463.2821715979288,-3186.6084602387973
246,-473.26992072906916,-3243.509808395697,-476.4980485409414,-3250.1009530771894
247,-481.32526599686867,-3274.863476479215,-428.7265065237472,-3267.7962322827766
248,-489.4899316489894,-3306.458664532486,-467.6604190880677,-3302.5192422293017
249,-497.7779608264814,-3338.2818614072326,-509.24214758219944,-3363.6385951529924
250,-506.2047312075331,-3370.3244379975426,-492.80097366280967,-3374.859267841707
251,-514.7664006585118,-3402.581943711531,-521.3819417352478,-3366.2645165064782
252,-523.4473278636897,-3435.038888172707,-557.7038805286904,-3418.4403736275763
253,-532.2326972307048,-3467.670337779687,-527.0942748286594,-3451.986377280499
254,-541.1203753425112,-3500.4879458480423,-540.2984102253245,-3500.577440551148
255,-550.1172717469858,-3533.4695569554333,-533.6009444736899,-3536.4069996090393
256,-559.2355456008343,-3566.5975752287222,-535.3637633413394,-3567.7059645445606
257,-568.4823623260831,-3599.852845865779,-566.5911521307844,-3582.3291429059923
258,-577.8697295349011,-3633.2191667476677,-553.7609064568218,-3641.876366570006
259,-587.3847856007998,-3666.6655698234063,-601.7872785118316,-3680.744500742249
260,-597.0278213923763,-3700.1756609406757,-607.9262279177129,-3652.438258356805
261,-606.7951411505362,-3733.729527626286,-634.9062678368819,-3707.2178958824334
262,-616.6541501196695,-3767.308206111668,-583.0550372414991,-3812.5617142169613
263,-626.5837941861643,-3800.911443255102,-581.1700878745316,-3835.401811167417
264,-636.5593811461686,-3834.545712638163,-605.0287032583194,-3840.2091760201056
265,-646.5615333414709,-3868.21516964016,-614.7319494984156,-3893.6607083072136
266,-656.5984950656143,-3901.9196983575075,-629.8319164367904,-3908.900083435278
267,-666.671278571118,-3935.6478619574214,-679.6596119383582,-3920.1839156722494
268,-676.7647221675588,-3969.420150075321,-671.7630679135461,-3968.3752725488184
269,-686.8587630529094,-4003.263401485728,-681.0119633764516,-4019.343432017275
270,-696.9326790856338,-4037.1937359822527,-684.0405321955635,-4026.2579912712617
271,-706.982868543909,-4071.2119425026185,-704.6783535138954,-4057.5459970098627
272,-717.0231418217419,-4105.306114858534,-739.5766473191094,-4128.492507755722
273,-727.0296297356106,-4139.4728018295355,-691.7085662025778,-4182.022391432262
274,-736.9763995700287,-4173.717985016225,-721.3789847229643,-4161.012575255256
275,-746.8355107770615,-4208.036488012164,-734.6454969701347,-4217.247872501888
276,-756.6180151469981,-4242.425398018863,-761.5402233074036,-4237.898435824627
277,-766.3246023515298,-4276.884362146047,-722.8656391144078,-4203.649571432465
278,-775.9488637312331,-4311.425687014165,-797.0281078290008,-4319.320148493621
279,-785.4855735849346,-4346.05022595923,-748.9314931030608,-4384.962320280161
280,-794.9231397888706,-4380.748420885287,-790.9623232780666,-4352.43650112021
281,-804.263890505101,-4415.515088807656,-765.1356352224967,-4397.278532279305
282,-813.5136342524734,-4450.364693240201,-831.4149922399573,-4425.997044636135
283,-822.6839873670942,-4485.278354740584,-820.2504616309411,-4517.626361047411
284,-831.775448319719,-4520.233130678234,-839.0319459534393,-4527.40221429585
285,-840.7768035584289,-4555.222144728825,-852.1572423520412,-4576.398120637839
286,-849.6866956860703,-4590.215740309623,-826.6667346932944,-4597.558700951471
287,-858.5158446845943,-4625.191491905557,-868.4898970031627,-4602.1245382352645
288,-867.2579487682949,-4660.127005555702,-832.1068800432836,-4695.308800947032
289,-875.9170347751497,-4695.00402990851,-798.1226163635198,-4685.641595236415
290,-884.4806504026276,-4729.780446170295,-884.1393994524678,-4710.803418105255
291,-892.9767526853723,-4764.429924593428,-895.5502465678107,-4787.9811657985065
292,-901.4194125667766,-4798.991802327753,-851.7922864384773,-4815.994146021257
293,-909.8184563341906,-4833.517252341249,-909.5745711157808,-4858.663648881942
294,-918.2089535599534,-4868.020753580599,-931.336780898308,-4881.817486672417
295,-926.6134012626457,-4902.534094203346,-910.596804873358,-4893.388319394904
296,-935.0472046172089,-4937.088275505082,-955.0581428776774,-4929.29161521211
297,-943.5029018228762,-4971.707352008618,-905.071396147043,-5008.115487207548
298,-951.9827427072418,-5006.375959422371,-939.3497268513217,-5011.6612241130815
299,-960.4992821368727,-5041.108075356653,-933.1941897411444,-5064.028908009756
300,-969.0879215844615,-5075.923717914658,-950.2996371882258,-5096.269548007665
301,-977.7436059978074,-5110.7924272054115,-1039.946363147456,-5155.763862455306
302,-986.4223055246209,-5145.708605872738,-998.2074984903572,-5126.300234165797
303,-995.1304286409135,-5180.676875528044,-1014.3166431126917,-5194.0477491932825
304,-1003.8769496265522,-5215.668381219875,-1001.504042956612,-5218.77523869119
305,-1012.6923664500864,-5250.679176115847,-990.0382929436224,-5260.076774894192
306,-1021.5780943418465,-5285.708607570273,-1022.1078694418259,-5289.82164075793
307,-1030.5140342934237,-5320.7748577583925,-1024.7281736737302,-5315.124896096433
308,-1039.5017450215837,-5355.886981866655,-1035.016894671483,-5319.065806963592
309,-1048.544317788182,-5391.0316503916,-1099.5349607579674,-5388.63745787742
310,-1057.6660263271926,-5426.191717714083,-1047.5982690497071,-5363.320082779528
311,-1066.886326604054,-5461.349495847389,-1107.5124028423195,-5492.330260343954
312,-1076.2203448814628,-5496.497722453107,-1076.3170195218956,-5447.585029420492
313,-1085.669138090932,-5531.655945629035,-1077.6278912405921,-5511.8025143738305
314,-1095.230825255173,-5566.827213595235,-1136.1966812954336,-5568.731598485992
315,-1104.9069876242902,-5601.995476571271,-1084.068297247571,-5612.792940476456
316,-1114.688204368891,-5637.153913612727,-1154.0832732439521,-5653.004433366115
317,-1124.5698202054086,-5672.318918876609,-1086.00594845064,-5652.165019185272
318,-1134.5623946966407,-5707.513873907634,-1167.0906482638536,-5714.594734138985
319,-1144.652596616932,-5742.730103438712,-1143.820694683305,-5713.780259411485
320,-1154.85970433186,-5777.9591832068945,-1185.7942897288187,-5726.523188982697
321,-1165.1994933429273,-5813.201823145227,-1195.5794731385274,-5787.211451769997
322,-1175.6487098589162,-5848.468906580193,-1187.4875035141724,-5872.181281927647
323,-1186.1869430673867,-5883.796967060945,-1203.56447116507,-5910.495715328853
324,-1196.7964720503792,-5919.210119896102,-1195.7068357234753,-5950.03169904084
325,-1207.4911326734255,-5954.694640040006,-1240.968519470247,-5987.949042709278
326,-1218.271354573164,-5990.2413409350875,-1254.287702184634,-5969.3937709336815
327,-1229.1302681755662,-6025.840835816733,-1180.357910545808,-6076.818066690781
328,-1240.0698340456474,-6061.49170095295,-1226.936063933789,-6019.794150835932
329,-1251.0908406944143,-6097.180898399415,-1251.95249256518,-6100.961149037988
330,-1262.2012653821616,-6132.913781341069,-1257.500532539807,-6148.811888536204
331,-1273.4095288553394,-6168.667511714478,-1278.5306303118573,-6214.201246212926
332,-1284.7284836038164,-6204.439257728243,-1282.5613798285597,-6204.3737468185955
333,-1296.17717928902,-6240.216114357005,-1326.5010341301895,-6272.288822059293
334,-1307.766460761797,-6275.98432097163,-1318.2467330016946,-6348.512561624036
335,-1319.4903160123276,-6311.731446190452,-1332.2231014312906,-6336.16021586929
336,-1331.3207449818408,-6347.468069841813,-1310.5915187640612,-6393.908211502312
337,-1343.2135780129029,-6383.18680467122,-1325.6290988649357,-6376.16057167917
338,-1355.137562951487,-6418.872555515623,-1344.6983480144006,-6437.918963316212
339,-1367.111218164412,-6454.522831159164,-1396.4256845979808,-6441.2042330137565
340,-1379.152835783127,-6490.130027342263,-1357.3362229167135,-6480.754705033722
341,-1391.264083187408,-6525.68474494118,-1396.3659483492663,-6518.5828281752
342,-1403.444747484153,-6561.199416487315,-1425.2898150431972,-6575.371705190195
343,-1415.6729615339086,-6596.686518146279,-1409.164072949455,-6564.233135286053
344,-1427.9289877938406,-6632.134583982732,-1392.6310004119903,-6614.27670099662
345,-1440.2150387762958,-6667.514151790222,-1449.8769327375405,-6665.1805792409305
346,-1452.5125121430228,-6702.7912602841225,-1449.5321806637137,-6700.0186810174055
347,-1464.7923514012207,-6737.945939308626,-1483.7935846703815,-6755.21391649957
348,-1477.0487206029022,-6772.964762674399,-1467.622911193328,-6756.887786211829
349,-1489.275325542612,-6807.854848241055,-1478.5892363731712,-6786.593146491478
350,-1501.4701155094892,-6842.631418611276,-1474.3737756335117,-6872.580278649367
351,-1513.6633602775885,-6877.290726138376,-1525.1351854081522,-6906.234537791277
352,-1525.8834364937657,-6911.805579055187,-1541.0047754537964,-6906.530373047419
353,-1538.1521761749098,-6946.146447820935,-1481.7037906272678,-6916.069833309503
354,-1550.4402525046687,-6980.30098788859,-1560.4924706799068,-6994.340668796502
355,-1562.7220863476948,-7014.269349404472,-1603.6994317572737,-6956.491568637424
356,-1574.9957323763576,-7048.055684423009,-1558.39000385676,-7047.362663673016
357,-1587.2238242915266,-7081.6496418670995,-1586.5218095183213,-7099.700613665773
358,-1599.371497590902,-7115.03708320666,-1628.7594287598988,-7131.548607135462
359,-1611.4467669947983,-7148.238181653187,-1647.1738142525726,-7164.024385801273
360,-1623.4383254805953,-7181.2649832678435,-1621.1527802347007,-7211.26633123001
361,-1635.3611537814904,-7214.121003353328,-1593.7598642061,-7176.043016501273
362,-1647.2425614021856,-7246.804638814515,-1630.7428271161302,-7244.741038845496
363,-1659.0879232450122,-7279.314128398754,-1677.1513684566664,-7332.7228354344825
364,-1670.8959975518114,-7311.641514721732,-1648.4057498981217,-7255.578307343442
365,-1682.6882123305945,-7343.816536480958,-1712.802196888287,-7328.770598644575
366,-1694.486556933766,-7375.844751876026,-1728.2279271556458,-7396.448442303874
367,-1706.3057600288203,-7407.706749828715,-1673.9754813344482,-7429.044463628099
368,-1718.1449576741466,-7439.410270288727,-1703.9644439888139,-7414.876830789657
369,-1729.994442274104,-7470.961745591492,-1686.7299324034786,-7527.335667474624
370,-1741.8129506933865,-7502.373388357205,-1744.4703220782408,-7524.797583647224
371,-1753.5757005374396,-7533.674747896159,-1730.178559243828,-7513.184917819208
372,-1765.252222466827,-7564.886259972567,-1758.8309295004153,-7534.0896635219215
373,-1776.8368324879114,-7596.013270530822,-1736.9216159237824,-7558.244941042685
374,-1788.3185523711202,-7627.0719241171255,-1809.1086135647113,-7600.934112909753
375,-1799.671281236885,-7658.072764759774,-1800.8871258860793,-7665.25769860852
376,-1810.8548815661418,-7689.04014728604,-1860.390191934034,-7683.343604419615
377,-1821.8659694421567,-7719.983129065921,-1838.7343950751958,-7676.965984240353
378,-1832.7130047552462,-7750.912734007749,-1824.1064798394725,-7757.5906350838795
379,-1843.3917473069787,-7781.833148758104,-1821.0798018134483,-7784.502027598531
380,-1853.9455397884828,-7812.7420542669215,-1882.3896556465418,-7844.662860327293
381,-1864.4137868485054,-7843.664631212093,-1847.7400437336676,-7839.356248787159
382,-1874.784631787099,-7874.622151028495,-1895.980804463311,-7879.419385205411
383,-1885.0613462342321,-7905.627923368238,-1886.85532196859,-7874.681255207951
384,-1895.2398791358055,-7936.670690965669,-1899.1093169090118,-7962.579005071516
385,-1905.2999572090614,-7967.7421384630425,-1890.0908647967956,-7989.528210211037
386,-1915.2574217734373,-7998.835922662621,-1904.4063619675192,-8002.797255377477
387,-1925.1191223517956,-8029.944903114351,-1896.3461726925038,-8030.59646271156
388,-1934.872563325452,-8061.067389991192,-1920.0429005156943,-8019.209835919881
389,-1944.5128758284013,-8092.21331100767,-1929.9237279327563,-8103.698923588383
390,-1954.0554986477089,-8123.379296161027,-1949.3114147607357,-8080.989523904986
391,-1963.5043529806715,-8154.559996581736,-1907.6353668295437,-8193.758423493391
392,-1972.8830357910142,-8185.753734945925,-1965.640901218673,-8200.597543461086
393,-1982.1884149659707,-8216.952561745198,-1966.8259877223218,-8233.6085679936
394,-1991.3886241487667,-8248.159094788423,-1965.626730163427,-8274.64784245503
395,-2000.4735834938656,-8279.355980945149,-2012.3430558625864,-8273.888796636664
396,-2009.448203519073,-8310.543270327309,-2044.3648292004416,-8291.493715900737
397,-2018.3067737084236,-8341.716432357884,-2028.5657624977077,-8352.355573654713
398,-2027.0699842437964,-8372.879402206187,-1998.3303683532306,-8404.042202708917
399,-2035.7326085175641,-8404.02572002106,-2043.660507383322,-8411.602419920975
400,-2044.27553441075,-8435.182800399545,-2089.4115662073323,-8405.632749346612
401,-2052.7045677731885,-8466.375170448382,-2031.3452635883193,-8493.656022265961
402,-2061.011602616595,-8497.616766128082,-2052.1146919875314,-8544.841469533369
403,-2069.19194230323,-8528.921047246657,-2073.3395084043823,-8539.621463983007
404,-2077.254877788354,-8560.284928854462,-2042.9978337485918,-8549.140620016964
405,-2085.1952741698383,-8591.718775708046,-2088.773272061191,-8618.167357045071
406,-2093.0347412007754,-8623.212810222416,-2094.0892812128573,-8636.156522016114
407,-2100.7897046131,-8654.780604113641,-2074.194030100525,-8701.470294444633
408,-2108.4450966305167,-8686.412449740475,-2124.1775671932764,-8682.12641301172
409,-2115.976380689236,-8718.11290116837,-2106.641216923844,-8713.358572424739
410,-2123.384764702349,-8749.916027155376,-2084.7088916349403,-8717.24159539426
411,-2130.6786388516866,-8781.845999010931,-2120.893102916067,-8778.64179556053
412,-2137.867973915816,-8813.933059195835,-2098.6219838215757,-8831.096955336152
413,-2144.9557608990413,-8846.182489980536,-2176.9278515890783,-8873.22937398905
414,-2151.949655638469,-8878.590923314165,-2149.4556745284813,-8871.572296157103
415,-2158.86132510631,-8911.140178092628,-2175.0223478000867,-8944.066574649421
416,-2165.6644998295983,-8943.803296597065,-2146.576323955091,-8958.450594729595
417,-2172.340160106428,-8976.559565463263,-2153.448349167188,-8946.312444433044
418,-2178.880822752113,-9009.422001348667,-2177.083012908119,-8996.747480762635
419,-2185.3071542920457,-9042.413138641885,-2239.6747344239516,-9064.162709164475
420,-2191.6319461933567,-9075.559867037262,-2179.4829377312344,-9091.040297208385
421,-2197.8570147717596,-9108.877701941317,-2219.109442452287,-9110.020646653265
422,-2203.9905467025137,-9142.369019726595,-2181.7988241954554,-9128.20243388025
423,-2210.0531130827535,-9176.011429825165,-2234.1474424757644,-9166.7453958881
424,-2216.0489948538734,-9209.788701975951,-2231.220246502064,-9249.894722721463
425,-2222.0077182668706,-9243.698469345038,-2210.064937043864,-9299.40042951006
426,-2227.9441923475288,-9277.734819461708,-2220.25021190906,-9304.648230318622
427,-2233.8714749395526,-9311.893092259143,-2207.2900493836355,-9321.841312610482
428,-2239.8003725469334,-9346.176847694558,-2251.5626608148386,-9335.454772906309
429,-2245.7294603192736,-9380.584331025604,-2242.8445081887103,-9371.687455486739
430,-2251.637343149873,-9415.091433136586,-2267.474732055148,-9399.394802347435
431,-2257.525532505648,-9449.671639891507,-2240.0152830175166,-9414.510037070739
432,-2263.400440406113,-9484.321385322066,-2295.850529288767,-9497.520163802745
433,-2269.2703660057514,-9519.03898752902,-2259.3544858523087,-9493.489115360942
434,-2275.132677048728,-9553.825370158858,-2267.002579870474,-9597.70276336244
435,-2280.9781242378476,-9588.670101491354,-2280.182871308172,-9570.674028806246
436,-2286.7872078710193,-9623.56359668957,-2291.0777953726715,-9573.592112992525
437,-2292.517528158981,-9658.510291682403,-2316.4535759790197,-9689.107374170806
438,-2298.1651218792863,-9693.510267135382,-2306.1451827679825,-9691.384066995535
439,-2303.725157312284,-9728.561395164881,-2310.694735517278,-9733.080381895656
440,-2309.1887267870247,-9763.656935738223,-2338.498041703669,-9782.7796302758
441,-2314.5518752333633,-9798.812535636722,-2304.259103371027,-9759.67669635389
442,-2319.8105007250706,-9834.017872340753,-2278.953683060261,-9793.969299018961
443,-2324.9878256155753,-9869.259945867216,-2334.4443252386313,-9877.205507723522
444,-2330.0839367304256,-9904.538172335602,-2318.5658303174027,-9891.304353368236
445,-2335.077478923194,-9939.868734522037,-2366.1449088143218,-9931.512310904289
446,-2339.9718456130913,-9975.247913109582,-2384.103799921566,-10025.326458434425
447,-2344.7898305079734,-10010.686985369228,-2337.2418925199454,-9985.386452384066
448,-2349.5739118386728,-10046.208172917351,-2357.1015863964303,-10024.840959383335
449,-2354.3143438891484,-10081.826231483818,-2380.5578723779436,-10101.642918429518
450,-2359.0097581348105,-10117.545131763367,-2385.5290694781165,-10129.72688136943
451,-2363.6797995981597,-10153.360628705383,-2384.5382974446275,-10135.905347739686
452,-2368.342747452617,-10189.274524644405,-2325.135421148793,-10170.388379554715
453,-2372.9795939857677,-10225.297963454846,-2337.4902198991454,-10248.731743262944
454,-2377.5799270072334,-10261.431199889552,-2373.5767547100495,-10276.63969381759
455,-2382.127564325963,-10297.674431302692,-2429.4486018700954,-10252.943957500012
456,-2386.603031186777,-10333.991007199993,-2393.22388333688,-10314.467006122724
457,-2390.9987883934473,-10370.395729172491,-2401.8197756509003,-10397.012053263767
458,-2395.294887440154,-10406.902098889193,-2356.790731492389,-10396.418487330095
459,-2399.490690442263,-10443.5326004452,-2420.485378796577,-10482.219167005172
460,-2403.5942818358285,-10480.285875386586,-2398.234664236338,-10526.286322589516
461,-2407.6223217463203,-10517.150870914866,-2429.1790633623973,-10476.627746563936
462,-2411.5605091766724,-10554.108491813522,-2433.364437590124,-10531.55384764841
463,-2415.3796627534066,-10591.151181378926,-2428.0688817006753,-10595.882198304062
464,-2419.052872502734,-10628.258091220667,-2396.0873023127388,-10590.856618221298
465,-2422.570406648851,-10665.400472440693,-2427.8323118852945,-10669.176362178703
466,-2425.953152231639,-10702.567919267349,-2428.9941016859475,-10712.261675931271
467,-2429.2108882227076,-10739.762083423258,-2418.713698429831,-10740.709378687614
468,-2432.334476099297,-10776.982007002776,-2401.4771577418264,-10774.405152891453
469,-2435.3140200311072,-10814.223713286217,-2435.494052148158,-10864.786224975149
470,-2438.157916075874,-10851.49879743762,-2421.1000474093776,-10865.118958436207
471,-2440.851540155474,-10888.793378244858,-2477.367514391763,-10892.773351024436
472,-2443.3863266926105,-10926.121849741923,-2449.3259188815523,-10905.111318661464
473,-2445.755483316412,-10963.508107867963,-2453.378154234042,-10973.948503515483
474,-2447.951077186756,-11000.963964213313,-2430.7076207926643,-10988.887847638847
475,-2449.975955538087,-11038.500998680278,-2472.6052740787536,-11059.765470010438
476,-2451.825621832549,-11076.116152462984,-2440.269885040739,-11056.934000382233
477,-2453.508173932848,-11113.805495095994,-2433.8982986194815,-11134.719211745765
478,-2455.0166546270307,-11151.555265598514,-2450.055266373072,-11117.078512924661
479,-2456.3132249023743,-11189.358651908775,-2491.7865697543994,-11189.20098045111
480,-2457.361890725973,-11227.219315208637,-2450.3177559872383,-11188.35443426502
481,-2458.1679359995883,-11265.145967949396,-2437.0624145829274,-11230.3485314938
482,-2458.7426423231555,-11303.148214270148,-2432.021827500926,-11322.98394395536
483,-2459.0727208828794,-11341.222728052267,-2465.4783460910944,-11356.416746244102
484,-2459.147304643315,-11379.360404393847,-2480.75972637971,-11361.101287807598
485,-2458.938671722572,-11417.55091583109,-2482.2100530080293,-11410.845102908526
486,-2458.450210646497,-11455.830363685249,-2417.4434005544904,-11433.865036034404
487,-2457.6956577135907,-11494.22502214387,-2455.860738035775,-11497.097313827928
488,-2456.6713008393044,-11532.744289737773,-2485.1589587452377,-11527.866327072468
489,-2455.3742316197095,-11571.386852358692,-2452.2658519264587,-11568.437270438011
490,-2453.818335614256,-11610.144310085574,-2451.5514199358863,-11578.181938674988
491,-2451.972613443935,-11648.990420710066,-2437.2462788490952,-11635.511113394528
492,-2449.8175095903507,-11687.92437163089,-2492.3162433537723,-11686.03904272284
493,-2447.3459007565602,-11726.960297009717,-2486.7481828437085,-11707.000413900632
494,-2444.5792369565856,-11766.136616277212,-2445.7253091775224,-11762.174556567597
495,-2441.5381761206672,-11805.482601372696,-2435.678609991974,-11770.893467686989
496,-2438.2082186809102,-11845.011654588703,-2443.259349385227,-11824.198680226013
497,-2434.5888531299547,-11884.740275421913,-2427.3291033233886,-11899.206244923353
498,-2430.6500011302714,-11924.697246309082,-2427.2782285551325,-11945.006750674509
499,-2426.369396290198,-11964.894304716714,-2426.243927286496,-11956.37632143816
500,-2421.718612269029,-12005.353429060293,-2432.972246668765,-12003.201178807556
501,-2416.7223293962743,-12046.064733541441,-2421.0681675579335,-12031.06548720262
502,-2411.4094311538975,-12087.017110049397,-2435.4854118470953,-12079.751992071475
503,-2405.7944121267774,-12128.21456861954,-2389.0156752125536,-12105.38921144804
504,-2399.908658009255,-12169.666888213753,-2412.3632238286677,-12161.607926539802
505,-2393.7678657262277,-12211.369551161642,-2450.3952367365277,-12228.650901482786
506,-2387.3755656514268,-12253.325862858674,-2403.662725796208,-12251.776713580733
507,-2380.7110594929086,-12295.535907762636,-2376.154226248709,-12337.963630376107
508,-2373.7482541185,-12338.00245974167,-2368.4077748026184,-12374.923409024019
509,-2366.475536091937,-12380.74392362391,-2364.968913382842,-12378.629712803711
510,-2358.9286369477545,-12423.764541091106,-2373.8698158585657,-12425.869099657524
511,-2351.103849898019,-12467.057502759388,-2385.5349851992837,-12470.012298032898
512,-2342.9747721301806,-12510.627755674723,-2355.38047751962,-12488.560648062152
513,-2334.5149410315194,-12554.490791457734,-2321.8767747874454,-12527.177928442887
514,-2325.720077860432,-12598.67982338354,-2315.3884717654128,-12584.105419937334
515,-2316.6071408967314,-12643.194997986455,-2316.682026317782,-12636.924883750457
516,-2307.1931999454378,-12688.036148036967,-2293.712707857167,-12712.753884477914
517,-2297.4823715998823,-12733.184683539637,-2280.038630793788,-12767.166411806742
518,-2287.49838544051,-12778.654408251494,-2238.9181476010317,-12801.088248646269
519,-2277.250982154206,-12824.443668447153,-2301.6407208821593,-12808.687663426605
520,-2266.757423341001,-12870.51651724172,-2255.705850124456,-12871.937092560762
521,-2256.022211025311,-12916.85137769099,-2224.2372727264897,-12922.890892213723
522,-2245.041283801417,-12963.466834271529,-2210.774566356839,-12981.822849550883
523,-2233.800152851743,-13010.377685574043,-2244.724845037323,-13012.649709747848
524,-2222.299536185842,-13057.602513564421,-2219.707655526357,-13075.540023347401
525,-2210.5708544408394,-13105.143421246104,-2186.937692706381,-13128.208573125698
526,-2198.63269363752,-13153.003879442436,-2215.0317582824805,-13109.995811778479
527,-2186.4807857885844,-13201.20149045548,-2199.9980324943867,-13196.838411122677
528,-2174.099023875925,-13249.780378573118,-2202.0331557293107,-13258.225316971653
529,-2161.497653799548,-13298.782442297672,-2183.763056113965,-13301.368768455211
530,-2148.6996788125066,-13348.17789659102,-2187.805535297182,-13352.029810262702
531,-2135.7166332089864,-13397.93007864018,-2185.4690859877514,-13390.427712627074
532,-2122.5416771103305,-13448.039090812033,-2136.8276517116506,-13438.84938974219
533,-2109.138453708901,-13498.496395603011,-2105.4612942145627,-13491.595677846773
534,-2095.5122677410645,-13549.29044007101,-2118.002703923569,-13599.742351460345
535,-2081.681569461814,-13600.42771449999,-2100.067241270347,-13577.517127500125
536,-2067.6414596736136,-13651.917426657807,-2074.440981755759,-13690.582044461558
537,-2053.3952964991627,-13703.756883892425,-2069.280204996478,-13724.283105772209
538,-2038.9505525542588,-13755.931112344175,-2040.445163351592,-13737.841498909365
539,-2024.320026080173,-13808.429976494153,-2011.7955173634753,-13827.489848924235
540,-2009.4944816592913,-13861.240833627318,-2029.9836861037666,-13839.826949778091
541,-1994.484133910829,-13914.330280260492,-2025.8140522297897,-13906.451026589966
542,-1979.2867940394458,-13967.684285237265,-1988.0725084773558,-13969.702942897444
543,-1963.8973027153024,-14021.279374964402,-1995.4352256593668,-14054.433606054848
544,-1948.2955140338072,-14075.101434504217,-1978.0437594849832,-14142.278842396561
545,-1932.4931513501251,-14129.149200416074,-1914.4267930054289,-14129.127591698229
546,-1916.5171356308108,-14183.439669022882,-1903.8178206869998,-14164.76508618965
547,-1900.3956167610002,-14237.981755747434,-1888.950588262535,-14199.724302296496
548,-1884.129402673917,-14292.770414915758,-1860.5390469081894,-14319.104296768204
549,-1867.7201849425683,-14347.786818788609,-1897.0182893278513,-14360.30247948427
550,-1851.1629428108624,-14403.025881598023,-1830.316261681883,-14362.323196008208
551,-1834.4439903795305,-14458.467587094865,-1857.0850121096194,-14461.5264197889
552,-1817.567366735039,-14514.093540894428,-1851.345926721368,-14516.299608684354
553,-1800.5453192164534,-14569.907136684644,-1786.8685257573006,-14562.862462703139
554,-1783.366309625111,-14625.912353474892,-1763.076245565881,-14621.064343547849
555,-1766.0280571627818,-14682.112538396334,-1740.0786898045428,-14683.5178933501
556,-1748.5212278919926,-14738.502913170896,-1731.4393930219342,-14724.170309382562
557,-1730.840190139976,-14795.087366577029,-1735.594812383342,-14802.20537913512
558,-1713.002395040197,-14851.878712786973,-1718.776522908627,-14841.847032960664
559,-1695.0232127022039,-14908.869146824789,-1681.3396555823708,-14887.13561935607
560,-1676.9270173211964,-14966.054621707095,-1649.7021614742232,-14979.095440439489
561,-1658.7294898611162,-15023.432709740773,-1673.4825679810253,-15091.55828124443
562,-1640.4483309876227,-15080.977393722003,-1656.0160404535802,-15082.168363591834
563,-1622.0752737994637,-15138.676137859877,-1598.3822497527863,-15138.321830605055
564,-1603.6020485243375,-15196.551582824723,-1585.7390186220575,-15173.314975390791
565,-1585.033206204606,-15254.616494252467,-1545.5611812063796,-15235.304754297302
566,-1566.3668391076071,-15312.860545879272,-1563.6429383978018,-15292.152861884526
567,-1547.6145919184091,-15371.243475078392,-1488.8605057496873,-15391.047325502574
568,-1528.7769372088692,-15429.75329059854,-1500.023579961944,-15419.231996908593
569,-1509.82943861715,-15488.394826357173,-1530.6725459671118,-15502.86768482852
570,-1490.7748008010851,-15547.169319093044,-1513.3924130089583,-15522.124706148572
571,-1471.6147061200984,-15606.063738480547,-1457.780505018515,-15604.18419652199
572,-1452.3397150663552,-15665.086050114038,-1468.975264442261,-15723.989600146324
573,-1432.9377620642072,-15724.209358345715,-1470.4922319968907,-15703.181474556553
574,-1413.411008967394,-15783.414773492566,-1434.033129028563,-15766.50962424197
575,-1393.7358214095584,-15842.69195695412,-1427.172099452082,-15854.483976116207
576,-1373.9077398281627,-15902.03684085476,-1357.0520511512216,-15892.136336891637
577,-1353.9355839208085,-15961.47565122318,-1327.7953574558305,-15981.181276652553
578,-1333.81848259068,-16021.014972147881,-1329.0167763184202,-16036.608357972595
579,-1313.548599264418,-16080.647782353508,-1357.54339546311,-16052.83989294524
580,-1293.114341402155,-16140.355787592074,-1263.4033262071023,-16152.809608770334
581,-1272.5106846433744,-16200.144471140004,-1237.7463802810714,-16232.966778508688
582,-1251.7300792489875,-16260.019255328056,-1235.4931137566414,-16255.190696319527
583,-1230.773057142797,-16319.986586851042,-1249.4713800768773,-16310.243211356992
584,-1209.646988529906,-16380.059759441594,-1225.9161386081998,-16393.53624963028
585,-1188.3837083669057,-16440.25134148436,-1175.1803904631377,-16391.669539545714
586,-1166.9929972422844,-16500.549019459766,-1144.865688848824,-16416.35858213627
587,-1145.4715715069449,-16560.955342401485,-1162.2156909855407,-16579.95548254993
588,-1123.804930734886,-16621.472738273216,-1138.5019542930554,-16649.355669163717
589,-1101.979074587026,-16682.097118321057,-1117.9760736920105,-16692.6115238162
590,-1079.9818712379958,-16742.8036514212,-1048.570075911712,-16745.255906202878
591,-1057.809895153518,-16803.57115551497,-1064.8448738546615,-16776.477285007153
592,-1035.471657357969,-16864.376317684266,-1019.9279624913651,-16829.882541831023
593,-1012.9833729520237,-16925.196255007908,-987.4861683911404,-16924.61510425482
594,-990.3671213550595,-16986.017534075723,-984.6708841431984,-16981.604768732763
595,-967.6234158354765,-17046.84112619714,-932.0151123053931,-17052.595839087695
596,-944.7388976407423,-17107.666036319868,-921.8757073118668,-17082.003698900844
597,-921.7154091321916,-17168.480928020766,-941.9496302391316,-17140.529141609284
598,-898.5722291810556,-17229.284192374864,-912.051072778224,-17188.07664062226
599,-875.3136671503216,-17290.055405804775,-865.4133212818348,-17264.63472726882
600,-851.9427147432069,-17350.79469257056,-919.4015756571922,-17322.96972726433
601,-828.4586793813452,-17411.519466963746,-832.3471522884098,-17441.055775825396
602,-804.8620388830045,-17472.21565417448,-791.8974453664094,-17516.996760674174
603,-781.1546011546562,-17532.876736900733,-759.4328006955571,-17512.468002805752
604,-757.3215651185639,-17593.491996208468,-770.046330519212,-17603.458874726082
605,-733.3678203588925,-17654.061344023263,-724.6995463626162,-17655.305979148627
606,-709.2675623235214,-17714.588029083752,-677.1422735812523,-17726.886869521495
607,-685.0026779557918,-17775.085608664645,-703.9581426360675,-17805.632032490154
608,-660.5540877827862,-17835.552623548476,-611.6471334518118,-17832.607125887705
609,-635.9112930966384,-17895.99533151343,-662.0702304777524,-17932.571761133895
610,-611.0914471902006,-17956.41065625989,-650.4434053572171,-17968.322491520874
611,-586.093921779726,-18016.818825493734,-574.413292030422,-17991.14222417934
612,-560.9420222575541,-18077.230467230787,-519.5828272478954,-18067.877589967877
613,-535.6377694859245,-18137.6716454588,-521.8223394278797,-18132.62134330303
614,-510.20199504001533,-18198.175805944098,-463.5355725574028,-18278.371318557613
615,-484.65942742021406,-18258.743554766137,-503.470859998525,-18240.13020456965
616,-459.0291714567091,-18319.374458324706,-391.2523521872233,-18356.40288938989
617,-433.3270618036561,-18380.04190089724,-423.79364664057806,-18368.209610929443
618,-407.5663074136777,-18440.71913769491,-443.00548679649205,-18425.823664429467
619,-381.73113844979554,-18501.39808167982,-370.92144677004364,-18471.256995104202
620,-355.8072530711728,-18562.08320031442,-337.49386528234913,-18542.969952940653
621,-329.806089066038,-18622.773784886267,-269.56135604963055,-18608.66644190817
622,-303.73590578273155,-18683.47086196805,-278.10270211880777,-18651.409700109005
623,-277.6222701540924,-18744.180823074497,-306.1607523176264,-18755.873086220996
624,-251.46563926095,-18804.893302728025,-211.9311296400375,-18765.936073430457
625,-225.28175238088122,-18865.6109569473,-228.07252218273607,-18854.66977350953
626,-199.06734260456815,-18926.3385866041,-205.1116970399901,-18924.386692980865
627,-172.81873683503431,-18987.075964914955,-159.76422169491082,-19027.24861013192
628,-146.5310434737248,-19047.833599068483,-150.59446244522977,-19035.15482454746
629,-120.20531065043133,-19108.587932731964,-107.39847181127837,-19130.214555654493
630,-93.82084543477802,-19169.34145882091,-99.90737694276902,-19196.09844717378
631,-67.3400530358556,-19230.111212604115,-75.04687355807116,-19181.407351849422
632,-40.75031098842714,-19290.89322634654,-51.85017147946599,-19245.136237636336
633,-14.060267235312066,-19351.67988242204,-1.417387546702848,-19347.71854133438
634,12.718801620433569,-19412.46764256414,38.58695412314472,-19419.39491719504
635,39.593637495158646,-19473.240226236805,40.501719688182405,-19461.793834057084
636,66.55649696092331,-19533.98085810389,97.94577695353912,-19575.54285116317
637,93.58159281923359,-19594.680296745046,116.01257950948562,-19606.92651084234
638,120.67025293975334,-19655.34904654813,106.0085124928085,-19656.74726734188
639,147.80816247610824,-19715.974812950393,163.9601471991082,-19697.195217944834
640,174.96984505376366,-19776.5665785301,170.84906006067587,-19782.834611021535
641,202.14617089473154,-19837.141124598234,239.29444636101374,-19810.486689420333
642,229.36602032231474,-19897.71393854458,237.54981151479114,-19852.681700230874
643,256.63866789756975,-19958.291259275702,266.37902884363166,-19963.351093524514
644,283.9515060551858,-20018.85501121445,294.28483689216046,-20001.742167372027
645,311.3009737673317,-20079.399219968873,298.08401163833565,-20090.024557170378
646,338.6650865076027,-20139.95647051662,356.4386338749521,-20119.079652388366
647,366.0450773828915,-20200.53255147469,331.0153371371109,-20224.97373451314
648,393.4408262518696,-20261.12107925379,363.97473181879735,-20222.961096484898
649,420.8591181223,-20321.71231015408,448.03481988513437,-20316.88743665265
650,448.3177218481997,-20382.30094868877,432.5760704983693,-20367.511296946515
651,475.83286855657195,-20442.92253059454,439.58191075568,-20466.72218248989
652,503.37814488231953,-20503.59056365255,481.33784849934665,-20513.37785917656
653,530.916594078431,-20564.297187205884,480.2365572030452,-20594.606399876615
654,558.4227536751368,-20625.043109544305,519.6895327841211,-20602.276730473543
655,585.9149017585394,-20685.83007823914,584.2842258475038,-20728.982887573082
656,613.4118238655666,-20746.662695865354,664.1616096243948,-20736.16512012581
657,640.9151500064287,-20807.5409357123,640.576395123817,-20782.67556292779
658,668.4077668677547,-20868.46211946578,661.6923610314057,-20850.709820717027
659,695.886625886728,-20929.412758597005,685.3749642318076,-20927.611839680394
660,723.3917672587668,-20990.353629996698,713.0198472011327,-21034.91915519615
661,750.9356864747335,-21051.256552781426,729.7147674241867,-21059.7190568325
662,778.5236952538324,-21112.10225096582,795.0895279102298,-21119.274012742444
663,806.1618201384733,-21172.874843818725,837.6440245247264,-21156.103104495724
664,833.8601546144724,-21233.566256073344,850.3913889923738,-21219.072279611864
665,861.6363480381607,-21294.190246897742,840.2570801864291,-21318.42882613739
666,889.4824528229852,-21354.780845008696,905.2001048011216,-21379.864581332735
667,917.3875085820548,-21415.347669110804,933.3746022660644,-21433.702960868624
668,945.3347974355369,-21475.888044956006,929.9248109122273,-21456.627627299924
669,973.3318271953768,-21536.39539763947,940.5927090639033,-21501.129655022814
670,1001.3846748687889,-21596.8782276694,1010.0609014591763,-21636.037116030664
671,1029.4721310876707,-21657.35545308302,1055.9749444201934,-21686.85875690859
672,1057.5979354939457,-21717.837739156847,1064.2737148085985,-21695.426887319783
673,1085.7274910048486,-21778.319568608265,1097.4003471829062,-21775.203096501016
674,1113.8622043682742,-21838.782696870487,1103.6334584521678,-21838.819145534984
675,1142.010965330592,-21899.237327001476,1132.449898216176,-21860.488083110944
676,1170.1523083869909,-21959.668662197142,1187.5257427818592,-21984.247536524046
677,1198.2734973218626,-22020.06007795865,1242.045467626273,-22043.865731270405
678,1226.408141236696,-22080.409012389828,1264.8035657504813,-22082.623906040586
679,1254.560825400419,-22140.71841482138,1267.1996254368714,-22145.98245606601
680,1282.7268479578752,-22200.988237201032,1270.0458554595637,-22233.417738456992
681,1310.9108044712582,-22261.23148397385,1307.7915693403127,-22246.581057455358
682,1339.1146592029268,-22321.454517940874,1341.3655635719742,-22324.27591552093
683,1367.3396195220835,-22381.653929465647,1382.151341219221,-22345.581910558456
684,1395.5691150454536,-22441.830843927022,1347.4904053155285,-22428.166801836614
685,1423.791511787565,-22501.992293775616,1438.9415449041612,-22491.839085522213
686,1451.9999690890859,-22562.133917869403,1449.2452194143173,-22560.09383090148
687,1480.1931376502184,-22622.236400763482,1478.4627033767508,-22637.072320014573
688,1508.3731063974647,-22682.291567912802,1458.2298715912825,-22696.139741378644
689,1536.5292002219885,-22742.287368066096,1549.3908506547398,-22765.319088513294
690,1564.667238162742,-22802.202688953657,1560.6949803559646,-22781.945498291934
691,1592.8001846289383,-22862.02382256763,1610.5797846144092,-22915.743929737026
692,1620.9766262537153,-22921.764220408353,1635.5238376750606,-22896.46671538282
693,1649.2255130390436,-22981.450883234185,1655.0433471650074,-22966.019048890903
694,1677.5514664668617,-23041.091366353918,1696.4778728427118,-23066.571068686877
695,1705.9390456763285,-23100.687120162536,1749.3279123512918,-23082.191215736857
696,1734.3777676221152,-23160.22301704779,1711.9984259598796,-23170.645536157877
697,1762.8729631339388,-23219.670644160702,1731.7110429519214,-23194.508928516017
698,1791.452982879257,-23279.01250338,1775.0045312400866,-23297.69178636298
699,1820.13630236719,-23338.252600240496,1789.387071404093,-23346.886213403515
700,1848.9472145298735,-23397.425061717062,1841.000546573821,-23395.981906860747
701,1877.929179261462,-23456.538117493063,1899.8874344735143,-23465.827708517063
702,1907.1177316537924,-23515.585297739744,1931.281515712938,-23530.013510179047
703,1936.504719790388,-23574.56145191788,1924.2687340049763,-23554.254481948094
704,1966.0845306596166,-23633.47476690801,1979.755601070704,-23622.92553347688
705,1995.87329757051,-23692.340587559265,1992.9932805817884,-23710.480196182554
706,2025.8772598567755,-23751.17900324831,1983.9037442856873,-23759.870110031323
707,2056.0782655525945,-23809.990174041202,2115.545898842397,-23825.688802029163
708,2086.4670622374197,-23868.74661349155,2084.9550792176706,-23903.586964376398
709,2117.044592499958,-23927.433813301584,2129.928025578858,-23943.10321666917
710,2147.828686271396,-23986.043475207258,2136.5988401707777,-23986.85211414076
711,2178.8350701098993,-24044.565266049212,2193.9185089825028,-24049.312992417166
712,2210.06798507193,-24102.99217892537,2183.5603383777484,-24068.511915089843
713,2241.494345979088,-24161.338303416996,2255.990338484094,-24121.739732049995
714,2273.07307322263,-24219.605460336432,2257.132811215197,-24229.39518683895
715,2304.819582903161,-24277.810632485372,2288.55064912544,-24332.098754174156
716,2336.7446223149145,-24335.96544903387,2325.3517243446104,-24308.09969006843
717,2368.8591525832135,-24394.066812954992,2347.3442676366562,-24357.83250465265
718,2401.1836901313723,-24452.111600300865,2424.4697703650977,-24473.301738810253
719,2433.726165056647,-24510.11850924347,2422.389448506213,-24520.698222820152
720,2466.493441013358,-24568.083383771147,2487.203506718955,-24465.13950307829
721,2499.4788999719167,-24625.96619885982,2539.5921981481274,-24592.38736142289
722,2532.6958977550967,-24683.760614335726,2545.90312461312,-24699.11582889623
723,2566.137996599037,-24741.48124899707,2543.625265643714,-24734.861428906395
724,2599.809764821595,-24799.10976378477,2559.4186373012885,-24826.020010870066
725,2633.7012115354187,-24856.627496526246,2645.88607503258,-24868.991857593046
726,2667.788340352189,-24914.046122845,2637.162920042262,-24940.587996876104
727,2702.0635002733916,-24971.371081822817,2720.1794678928313,-24982.706383524008
728,2736.514075420027,-25028.63239768621,2736.0977555007103,-25051.30728353381
729,2771.1509184717397,-25085.84588161952,2804.260176586053,-25088.61157302983
730,2805.9893932146956,-25143.013721309704,2786.849255637025,-25151.893405936982
731,2841.0291523336023,-25200.1399433782,2834.894051531331,-25169.8437491507
732,2876.2668477288266,-25257.23785873299,2873.857569482946,-25273.177233098686
733,2911.709069104502,-25314.312736037005,2918.251684458618,-25294.512449164107
734,2947.350348619065,-25371.372503046427,2965.636751335722,-25367.02747360104
735,2983.178811140501,-25428.38623731398,2973.341793410643,-25376.04252024011
736,3019.2115993377906,-25485.329616229086,2975.54568982769,-25470.269739667907
737,3055.4697842513856,-25542.205236309623,3075.568758695515,-25523.308621810138
738,3091.9303115093894,-25599.021766763122,3093.226689898544,-25630.554824862862
739,3128.560180156826,-25655.78448435183,3118.1514514605233,-25653.855495801457
740,3165.3411076583943,-25712.513487645054,3175.1063780475956,-25735.40216614375
741,3202.2632305686493,-25769.212325991302,3191.244898806246,-25768.583823691795
742,3239.3043628592695,-25825.88647148158,3247.655591276802,-25824.868874624375
743,3276.4652128941334,-25882.54748788735,3301.238309256888,-25872.19646373545
744,3313.7220533352474,-25939.188288988906,3335.7467441667654,-25967.607363029325
745,3351.055875760252,-25995.786413762835,3373.1582875508097,-26021.74917626541
746,3388.4565837974683,-26052.32482459632,3408.701107117505,-26027.142910025737
747,3425.9155405001966,-26108.80813532558,3403.813700909165,-26113.92751318428
748,3463.4190760472125,-26165.21982875504,3450.6396236165347,-26098.89858942078
749,3500.957137885918,-26221.536277181174,3527.214296799225,-26201.62101866685
750,3538.515668770062,-26277.771574809092,3542.233260105761,-26294.179808068806
751,3576.085923225364,-26333.943176493736,3584.3451491994606,-26315.982906387002
752,3613.696248934523,-26390.063366028127,3616.5450624507607,-26355.50780357943
753,3651.355210613611,-26446.13842324148,3643.078576183791,-26440.51520691557
754,3689.057995707228,-26502.17641778276,3709.8701599842943,-26505.688455105294
755,3726.8283220291237,-26558.199867291085,3733.223853448812,-26539.84605794585
756,3764.6534405068783,-26614.245823059337,3779.740024010834,-26573.565327519842
757,3802.5496968951784,-26670.30957771482,3802.0054263083525,-26629.20831553659
758,3840.5284972190316,-26726.391878010843,3837.4851410400865,-26752.157123707748
759,3878.5787319017563,-26782.506207537856,3900.019432056408,-26745.82989129367
760,3916.6780042155965,-26838.65444548821,3890.212969859841,-26813.238283606326
761,3954.8141208091183,-26894.832907757816,3957.73990992949,-26900.19334497853
762,3992.9796756816486,-26951.040305989867,3993.28107876401,-26964.7816850887
763,4031.1692557532633,-27007.275406447712,3997.7489797240614,-27003.710608048725
764,4069.384337364148,-27063.535091717535,4095.2171695713537,-27063.407906387947
765,4107.6418683200845,-27119.801186569457,4113.490429463436,-27133.79779807317
766,4145.947418229121,-27176.05293110815,4170.218295402656,-27195.575609183983
767,4184.306127642451,-27232.2765619447,4187.624309796551,-27235.815883730033
768,4222.730336867721,-27288.47375613035,4193.244344853624,-27269.804782240124
769,4261.233244417371,-27344.64337235645,4194.878262383452,-27380.73376286013
770,4299.815888384985,-27400.80905824877,4340.875960923658,-27406.331773513248
771,4338.476089565789,-27456.99813508825,4394.439140702867,-27442.883038372303
772,4377.206995817174,-27513.209188605742,4375.578062079585,-27518.268658184676
773,4416.0175942428905,-27569.438446901437,4465.226846924786,-27544.46194680608
774,4454.889795728841,-27625.663282798407,4436.154460040524,-27637.492309507892
775,4493.8008890149795,-27681.859858823227,4496.076647411155,-27633.80712061146
776,4532.734331296899,-27738.024274204992,4564.28603344743,-27722.147264032283
777,4571.688130686212,-27794.16222651215,4565.063212950412,-27824.601386353832
778,4610.659818142061,-27850.26927490164,4634.383430689089,-27891.725960653042
779,4649.62944845394,-27906.35023670198,4684.123439320544,-27941.36402147779
780,4688.588624340899,-27962.403038909488,4674.265854837348,-27963.94526756287
781,4727.529215156915,-28018.417084996097,4711.662729214045,-28036.22522819363
782,4766.449999958742,-28074.38564030675,4759.673236163882,-28080.966089821322
783,4805.333233804273,-28130.276112781437,4823.911184745804,-28097.39258864858
784,4844.166406302975,-28186.05882860574,4859.454955951815,-28190.661665475425
785,4882.9653057409405,-28241.71043063107,4887.4789798325555,-28264.027657411
786,4921.7259332861995,-28297.221268828776,4937.048624160468,-28313.52241639994
787,4960.451675615093,-28352.58194169331,4974.401012793336,-28428.436227640712
788,4999.138204655803,-28407.80202598315,5019.8208563592025,-28376.174273888806
789,5037.786896658567,-28462.885570666684,5028.102127585,-28437.889532845293
790,5076.401593643971,-28517.8349503445,5074.803747300734,-28587.26852172222
791,5114.972397357039,-28572.62171440583,5139.756429132113,-28586.471094327037
792,5153.493027282397,-28627.224736733024,5178.938401597603,-28626.05160816441
793,5191.941525973157,-28681.636576555666,5153.591937886987,-28697.685350115386
794,5230.305148226863,-28735.895795829092,5172.456885110173,-28735.444652751066
795,5268.578791490586,-28790.0322029957,5255.252799243495,-28813.404503366233
796,5306.776200729959,-28844.053965055507,5269.876826556495,-28829.893569031345
797,5344.876227652209,-28897.962598340924,5319.461724737978,-28958.626103151353
798,5382.859404228309,-28951.757530547715,5397.1512003580165,-28927.8555593641
799,5420.719168159135,-29005.428803156232,5468.404903649358,-29043.822016334274
800,5458.4385696179415,-29058.95903888073,5416.177101168593,-29023.597638212126
801,5496.014224830522,-29112.354983788682,5494.490073705604,-29105.563538853756
802,5533.44179581602,-29165.624480174578,5497.246715723833,-29173.29668929414
803,5570.722569295158,-29218.76044446098,5553.725074592104,-29217.662215384862
804,5607.887187477872,-29271.75446925372,5625.943486947413,-29267.745772354225
805,5644.936741412841,-29324.630191777465,5606.006068481776,-29376.546193761355
806,5681.857235042802,-29377.402862954954,5691.0275482265615,-29365.028425303266
807,5718.644142303007,-29430.057979234323,5680.626465796782,-29482.903258863313
808,5755.278322521086,-29482.569819092507,5766.030538476549,-29424.75301489103
809,5791.734408896567,-29534.918713110324,5780.365590664264,-29592.9358648089
810,5827.991469869863,-29587.095976967295,5830.614167800936,-29551.790862475475
811,5864.025844439228,-29639.10685600028,5858.711020391223,-29642.873261296
812,5899.827924919192,-29690.939856134322,5912.036795267024,-29673.532573134515
813,5935.410367219089,-29742.576519962968,5940.166109364294,-29728.997912242045
814,5970.779839982544,-29794.039108979767,5972.339500716877,-29795.95615836726
815,6005.955599739908,-29845.35645261573,5976.236474033927,-29840.543131902068
816,6040.942628480626,-29896.54594025843,6013.670473636372,-29879.962101281704
817,6075.735998214269,-29947.625229015986,6077.2031861797,-29952.475426832363
818,6110.324483050355,-29998.59480206695,6081.573989337069,-29999.803787804623
819,6144.695719398655,-30049.44274356326,6146.893154193232,-30034.680366383753
820,6178.846788368694,-30100.147102492952,6196.8154826405635,-30091.12999211951
821,6212.786796705346,-30150.715064680313,6170.983706744776,-30202.552260602533
822,6246.5145343257755,-30201.15107686106,6282.155479934269,-30204.87480478411
823,6280.031771081307,-30251.460170759598,6259.813767924291,-30245.557529763268
824,6313.3364726079735,-30301.643077031422,6327.467994892237,-30284.48638001711
825,6346.420481197022,-30351.70624338399,6404.739326057029,-30356.49417270594
826,6379.284099982691,-30401.676402958972,6338.558935862658,-30409.667345903283
827,6411.942090425355,-30451.5872281565,6432.525804122569,-30424.770485263223
828,6444.41027655184,-30501.443277955656,6432.899517846396,-30518.829271833594
829,6476.673531126216,-30551.236514367283,6454.822283304797,-30555.70963894579
830,6508.745743322036,-30600.94649469887,6536.799824774738,-30612.715647687593
831,6540.639210180937,-30650.582089077405,6563.3875191363495,-30704.034496170243
832,6572.331703225657,-30700.143848721473,6531.644221305832,-30716.360778731494
833,6603.809281275736,-30749.629700114896,6576.74650740372,-30732.71407562108
834,6635.064137076596,-30799.049702947643,6686.677242180239,-30811.464276595492
835,6666.090413077615,-30848.404288295234,6636.76902165874,-30841.05570443766
836,6696.8919310751735,-30897.69907048224,6720.7074365948965,-30893.206800745676
837,6727.467572424561,-30946.939840820112,6715.827178853343,-30970.435254765875
838,6757.8044578178615,-30996.137596413246,6736.766640741407,-30968.547106695827
839,6787.905634796618,-31045.330367705956,6805.325911111642,-31034.543308196437
840,6817.769225713143,-31094.542556614757,6841.98715012276,-31048.629780908428
841,6847.414290668697,-31143.773577219014,6833.733129596993,-31111.24831127476
842,6876.848551845978,-31193.013801426776,6897.0808405707785,-31205.208814320446
843,6906.061114548832,-31242.266274861824,6909.074668941854,-31229.216534071817
844,6935.051613252182,-31291.534055825177,6944.668875170798,-31266.542341499287
845,6963.828294289258,-31340.812544750097,6969.818269644384,-31314.7831473794
846,6992.412363890398,-31390.08546995855,6999.99754777745,-31394.56060866332
847,7020.809777163754,-31439.347784036578,7025.612437828457,-31392.69039751368
848,7049.048346709575,-31488.58070753499,6999.369079767688,-31474.07462596122
849,7077.140410144997,-31537.761875497057,7059.157592588872,-31493.087990216118
850,7105.092410658778,-31586.90354610059,7120.765306633011,-31562.2291877488
851,7132.911185389683,-31636.01490901493,7141.240816655693,-31651.438107861653
852,7160.5982604017145,-31685.091781144783,7157.616150940679,-31697.41723269835
853,7188.166370063461,-31734.13488764763,7195.148798494707,-31775.429350865907
854,7215.612917878495,-31783.1683827781,7233.401484600129,-31815.962992812816
855,7242.936604759464,-31832.22308851443,7231.3430641208715,-31821.566406455306
856,7270.1411210489205,-31881.288017607618,7269.541843545122,-31817.210502896596
857,7297.195522571402,-31930.335429336883,7270.238540930716,-31933.518371078797
858,7324.08067850814,-31979.33530298137,7306.344729661955,-31996.952346874616
859,7350.786145226523,-32028.287353344625,7320.2508822406235,-32007.226570541938
860,7377.291186758561,-32077.197631440053,7359.475546634019,-32093.717987442506
861,7403.628556581002,-32126.08454961488,7425.666917460256,-32155.502080411425
862,7429.82251689294,-32174.94969039686,7449.944300333732,-32142.025821646104
863,7455.873587758098,-32223.797608444886,7447.966717761826,-32201.737787718208
864,7481.786828824657,-32272.638194502153,7442.968454172362,-32265.3514171851
865,7507.550133116437,-32321.4962067564,7476.447684737456,-32311.216510011865
866,7533.128772611683,-32370.38002538265,7534.137405675384,-32354.257747845808
867,7558.51863696772,-32419.296166851764,7573.074301949367,-32420.43303707749
868,7583.72654190615,-32468.233437028208,7553.789817377387,-32470.83402661935
869,7608.755516323277,-32517.17134748512,7620.175664400092,-32543.35828495886
870,7633.609045581184,-32566.114877235013,7634.626650317285,-32554.784715574846
871,7658.303791065367,-32615.083378602598,7647.116681622153,-32597.42241524791
872,7682.828102832172,-32664.084970803113,7658.98976619977,-32667.11060549458
873,7707.17625033081,-32713.108636905494,7741.537782364402,-32677.922182000773
874,7731.345602931921,-32762.166549253572,7794.412242203473,-32774.62262737369
875,7755.348870052512,-32811.260956892984,7751.51021645072,-32809.44629317728
876,7779.184269677654,-32860.40908708866,7779.083745979913,-32848.39764997823
877,7802.817257218639,-32909.61340251362,7789.900103253699,-32920.33884977859
878,7826.228465982169,-32958.86166791773,7837.8322430492135,-32974.30872483914
879,7849.42381482997,-33008.16038130339,7854.409552080534,-32992.35723146787
880,7872.4105510193,-33057.541819136575,7850.634413230172,-33060.803241152986
881,7895.19957562912,-33107.02147390522,7866.671346222127,-33100.73727420957
882,7917.794647912687,-33156.604316636425,7870.765695364979,-33123.39620963516
883,7940.204937528671,-33206.30661862032,7929.126231120902,-33239.24834865187
884,7962.4302467172265,-33256.10971782999,7978.095755681839,-33253.74000742605
885,7984.475993541339,-33306.006343737,7969.930919932264,-33324.99838733744
886,8006.332039975989,-33356.02130291589,7995.165870652868,-33348.197368441935
887,8027.968583355006,-33406.17754498523,8011.774927699342,-33422.64062771647
888,8049.380512790073,-33456.470914477264,8043.538577718868,-33472.03543617611
889,8070.559438501852,-33506.85803797151,8072.5692227686095,-33484.13510036392
890,8091.4908404414155,-33557.32735326421,8103.281192111339,-33527.04431759276
891,8112.192319513636,-33607.888600599836,8088.122647705398,-33617.44247645674
892,8132.668876307081,-33658.530746963785,8108.014563899687,-33667.49449261811
893,8152.907799900847,-33709.25556013408,8100.756794451977,-33681.501025552716
894,8172.889414307781,-33760.08796735781,8180.516654268793,-33780.40105712194
895,8192.60616076445,-33810.99832327848,8217.1313690957,-33801.409690550834
896,8212.0597932863,-33861.95988407517,8200.788479211818,-33895.38869505301
897,8231.283012464817,-33912.95218998326,8236.300126761327,-33895.75664393206
898,8250.28007936571,-33963.97640933357,8264.299526070614,-33954.85294025804
899,8269.034002308117,-34015.00445185787,8264.116514082556,-34017.747222299025
900,8287.54939073783,-34066.00709614814,8286.067732362533,-34046.81008524458
901,8305.826846818665,-34116.98473002909,8294.717134670997,-34134.51907578698
902,8323.874962771519,-34167.945698502095,8330.904844927578,-34171.92956645131
903,8341.67074664557,-34218.88671380947,8315.15949648642,-34206.537216025834
904,8359.18771200926,-34269.82639137639,8342.459932696293,-34305.13843738271
905,8376.41386682319,-34320.767550297656,8401.271856105284,-34331.477538466395
906,8393.361719254548,-34371.71152425273,8411.474001296905,-34392.65812470206
907,8410.025827467674,-34422.6655811109,8406.13892491274,-34413.19845643271
908,8426.423499829418,-34473.63825897999,8430.274659937375,-34500.8552250925
909,8442.548615188623,-34524.60519683374,8464.99279278405,-34532.65649981235
910,8458.401011180958,-34575.5534611678,8440.278636610572,-34578.9126461918
911,8473.994842246326,-34626.457194584684,8439.402279355436,-34571.5524036614
912,8489.339718749205,-34677.31639070274,8488.770835159217,-34695.90691767436
913,8504.43555092688,-34728.12029536587,8497.28952481762,-34734.92198281272
914,8519.297863912894,-34778.865786510636,8527.55935962599,-34772.551207282835
915,8533.925471604998,-34829.56097118722,8533.54365313107,-34873.9525368602
916,8548.277789021047,-34880.206873076895,8571.817799182238,-34858.48515568281
917,8562.33411092101,-34930.789777013975,8572.60317656294,-34938.446997424864
918,8576.114963111751,-34981.323580184275,8544.46643949271,-34931.507163579685
919,8589.605253947988,-35031.84190032029,8568.398546845197,-35026.83671989307
920,8602.810783028592,-35082.35472765912,8619.492498282721,-35099.168438194516
921,8615.747342282753,-35132.84678346681,8631.595949927038,-35167.46026206716
922,8628.442862201193,-35183.33656699967,8678.057947854863,-35172.48067261277
923,8640.914234296599,-35233.83125812412,8630.026169455186,-35252.45630205909
924,8653.170449396588,-35284.35191552495,8623.828213460025,-35245.4608887078
925,8665.230355178643,-35334.91952461723,8695.323536033238,-35347.71108809333
926,8677.096345673377,-35385.517275631144,8675.738478884005,-35369.06221753003
927,8688.759722681947,-35436.137430558374,8694.0382574199,-35490.58658063522
928,8700.179128779291,-35486.80313912566,8686.814787829426,-35475.41277703238
929,8711.352864120949,-35537.52778059208,8718.09922746591,-35529.863530788585
930,8722.285771083325,-35588.33798819249,8712.248957027181,-35647.23839032375
931,8732.979939197598,-35639.235467305225,8707.16876000359,-35558.50514817438
932,8743.450608353116,-35690.23185521772,8732.605418102175,-35701.31460048536
933,8753.717733528645,-35741.33029707817,8741.480434149133,-35732.765601368184
934,8763.809768574813,-35792.55244118091,8776.999819083225,-35826.60242721383
935,8773.726009723818,-35843.88864674985,8804.007588684059,-35846.89945667888
936,8783.439272884103,-35895.33110844853,8804.557240752361,-35863.548601699855
937,8792.92376035403,-35946.86251631598,8800.01745470178,-35971.583795782986
938,8802.188955050962,-35998.46839949601,8775.431073604293,-35976.45311740763
939,8811.222121768944,-36050.15849164582,8839.562732233546,-36050.176934159004
940,8820.003631498103,-36101.933118797824,8810.460481007402,-36103.106975447714
941,8828.52787886138,-36153.7997392463,8829.600825510703,-36182.762619273395
942,8836.804932764222,-36205.75902138532,8812.892571460887,-36201.972366849
943,8844.84270794492,-36257.81718028366,8840.441066864361,-36263.219294693845
944,8852.652006635743,-36309.99162752956,8870.539861603358,-36330.74018020134
945,8860.232859745336,-36362.279814645786,8856.745393979216,-36391.23386265162
946,8867.580563748457,-36414.657232590296,8833.038794887752,-36447.902958578365
947,8874.69491754622,-36467.08999115307,8892.411501473476,-36416.43007094516
948,8881.568835502187,-36519.572888422656,8902.774630741596,-36521.734093906554
949,8888.184061090817,-36572.09833516097,8884.237353734685,-36565.453459686
950,8894.515220452486,-36624.6730289907,8887.730591575833,-36605.64971148966
951,8900.528963487179,-36677.3111490946,8908.359481224428,-36700.83120033073
952,8906.21061301313,-36730.005568160865,8878.023685535463,-36682.855159739906
953,8911.539032214787,-36782.73810292081,8910.710417880653,-36807.338726096554
954,8916.50877848488,-36835.50294732107,8883.112274772993,-36824.64311143644
955,8921.139352297061,-36888.31473880977,8919.546485017185,-36920.594077990776
956,8925.483108614708,-36941.19121230478,8902.147893108093,-36963.47533705358
957,8929.561953680288,-36994.12358217589,8934.474030386493,-36971.77297155639
958,8933.373263305093,-37047.092301543795,8950.057016173549,-37021.35987279893
959,8936.921686362472,-37100.09657743135,8932.45520383557,-37105.23834968299
960,8940.22233974385,-37153.16087541978,8942.763281695756,-37153.01990257139
961,8943.303092633498,-37206.29319559039,8930.845336260798,-37163.502579344924
962,8946.134241853642,-37259.47717211095,8944.851654168135,-37274.66110874952
963,8948.702520306346,-37312.70489655908,8993.102314097876,-37299.33434673756
964,8950.995869622651,-37365.97459347842,8960.386676069305,-37362.71969867466
965,8953.017076519756,-37419.26496600428,8917.826904674728,-37400.021791877494
966,8954.756964348695,-37472.56885048062,8956.492530245385,-37475.075182029
967,8956.215756250573,-37525.89565116765,8950.437655131183,-37489.365675417415
968,8957.386342057955,-37579.25065412372,8927.630369542292,-37547.595325723225
969,8958.269621867228,-37632.63244623533,9003.470095959154,-37598.29240769178
970,8958.856661634902,-37686.023588735145,8948.753858727194,-37715.62512074298
971,8959.145616103064,-37739.4381610264,8969.338875331096,-37730.90043418192
972,8959.14590353939,-37792.901912266534,8927.456663719533,-37834.101509991946
973,8958.855900622826,-37846.42307964777,9006.24229283713,-37821.37380108273
974,8958.266246056775,-37900.02621973705,8922.161870002365,-37913.098633978094
975,8957.38996511227,-37953.728375286235,8934.510051053605,-37926.92389942089
976,8956.250221340786,-38007.540583298796,8987.71022599909,-38037.22689153469
977,8954.842728273154,-38061.458337353746,8990.908945085062,-38063.1177493657
978,8953.159012954513,-38115.46494476022,8940.534576860286,-38154.98495761351
979,8951.174414823516,-38169.55296418673,8934.550081419051,-38149.238353574874
980,8948.8762526963,-38223.748123382946,8966.83938769975,-38230.512977855346
981,8946.27115210867,-38278.060828808295,8973.719822446952,-38288.135922173395
982,8943.362784850073,-38332.46629959188,8953.892768245187,-38292.4477792432
983,8940.139578628572,-38386.9399093802,8940.64647547586,-38383.48322235925
984,8936.59416807866,-38441.47033333482,8909.66954980986,-38442.57216228869
985,8932.717759702533,-38496.09263246023,8946.868712141715,-38501.99997627825
986,8928.510835827463,-38550.82111931933,8952.703213449013,-38565.57680733806
987,8923.966966280672,-38605.66794436726,8949.883834635388,-38590.29073993792
988,8919.072823327446,-38660.63687049781,8915.782615066408,-38679.9998380551
989,8913.813942962084,-38715.69555507738,8920.738643426785,-38720.0872140174
990,8908.183590115686,-38770.823357879315,8920.99306719071,-38769.30783538595
991,8902.183163449583,-38826.02972823494,8891.99264796215,-38813.51686630293
992,8895.8014328206,-38881.310123192445,8896.506349749863,-38815.445419688316
993,8889.03414989081,-38936.659513260915,8902.416547377614,-38934.65953617186
994,8881.871138471837,-38992.08133244305,8857.77565489559,-38957.25797639628
995,8874.289901772549,-39047.598421835195,8877.260811330336,-39086.72835767656
996,8866.269435524735,-39103.20191259518,8864.762196237349,-39113.590206925146
997,8857.794217906368,-39158.866596298714,8862.129898562564,-39134.87105186135
998,8848.885425408836,-39214.5747083789,8865.191556975731,-39247.03701938684
999,8839.538625232948,-39270.323025062455,8850.205217699078,-39281.667941293235
